bird_y,dist_top,dist_bottom,velocity,dist_to_pipe,action
351.5,1.5,201.5,0,370,0
351.5,1.5,201.5,0,370,0
351.5,1.5,201.5,0,370,0
351.5,1.5,201.5,0,370,0
351.5,1.5,201.5,0,370,1
351.5,1.5,201.5,0,370,1
351.5,1.5,201.5,0,370,1
351.5,1.5,201.5,0,370,0
351.5,1.5,201.5,0,370,1
351.5,1.5,201.5,0,370,0
351.5,1.5,201.5,0,370,0
351.5,1.5,201.5,0,370,1
351.5,1.5,201.5,0,370,0
351.5,1.5,201.5,0,370,0
351.5,1.5,201.5,0,370,1
351.5,1.5,201.5,0,370,0
351.5,1.5,201.5,0,370,1
351.5,1.5,201.5,0,370,1
351.5,1.5,201.5,0,370,1
351.5,1.5,201.5,0,370,1
351.5,1.5,201.5,0,370,0
351.5,1.5,201.5,0,370,1
351.5,1.5,201.5,0,370,0
351.5,1.5,201.5,0,370,1
351.5,1.5,201.5,0,370,1
351.5,1.5,201.5,0,370,0
351.5,1.5,201.5,0,370,1
351.5,1.5,201.5,0,370,1
351.5,1.5,201.5,0,370,0
351.5,1.5,201.5,0,370,0
351.5,1.5,201.5,0,370,0
351.5,1.5,201.5,0,370,1
351.5,1.5,201.5,0,370,1
351.5,1.5,201.5,0,370,0
351.5,1.5,201.5,0,370,1
351.5,1.5,201.5,0,370,1
351.5,1.5,201.5,0,370,0
351.5,1.5,201.5,0,370,0
351.5,1.5,201.5,0,370,1
351.5,1.5,201.5,0,370,1
351.5,1.5,201.5,0,370,1
351.5,1.5,201.5,0,370,0
351.5,1.5,201.5,0,370,1
351.5,1.5,201.5,0,370,0
351.5,1.5,201.5,0,370,0
351.5,1.5,201.5,0,370,1
351.5,1.5,201.5,0,370,1
351.5,1.5,201.5,0,370,0
351.5,1.5,201.5,0,370,0
351.5,1.5,201.5,0,370,1
357.5,4.5,195.5,0,365,0
357.5,4.5,195.5,0,365,0
357.5,4.5,195.5,0,365,0
357.5,4.5,195.5,0,365,0
340.5,12.5,212.5,-10.5,365,1
340.5,12.5,212.5,-10.5,365,1
340.5,12.5,212.5,-10.5,365,1
357.5,4.5,195.5,0,365,0
340.5,12.5,212.5,-10.5,365,1
357.5,4.5,195.5,0,365,0
357.5,4.5,195.5,0,365,0
340.5,12.5,212.5,-10.5,365,1
357.5,4.5,195.5,0,365,0
357.5,4.5,195.5,0,365,0
340.5,12.5,212.5,-10.5,365,1
357.5,4.5,195.5,0,365,0
340.5,12.5,212.5,-10.5,365,1
340.5,12.5,212.5,-10.5,365,1
340.5,12.5,212.5,-10.5,365,1
340.5,12.5,212.5,-10.5,365,1
357.5,4.5,195.5,0,365,0
340.5,12.5,212.5,-10.5,365,1
357.5,4.5,195.5,0,365,0
340.5,12.5,212.5,-10.5,365,1
340.5,12.5,212.5,-10.5,365,1
357.5,4.5,195.5,0,365,0
340.5,12.5,212.5,-10.5,365,1
340.5,12.5,212.5,-10.5,365,1
357.5,4.5,195.5,0,365,0
357.5,4.5,195.5,0,365,0
357.5,4.5,195.5,0,365,0
340.5,12.5,212.5,-10.5,365,1
340.5,12.5,212.5,-10.5,365,1
357.5,4.5,195.5,0,365,0
340.5,12.5,212.5,-10.5,365,1
340.5,12.5,212.5,-10.5,365,1
357.5,4.5,195.5,0,365,0
357.5,4.5,195.5,0,365,0
340.5,12.5,212.5,-10.5,365,1
340.5,12.5,212.5,-10.5,365,0
340.5,12.5,212.5,-10.5,365,1
357.5,4.5,195.5,0,365,0
340.5,12.5,212.5,-10.5,365,1
357.5,4.5,195.5,0,365,0
357.5,4.5,195.5,0,365,0
340.5,12.5,212.5,-10.5,365,1
340.5,12.5,212.5,-10.5,365,1
357.5,4.5,195.5,0,365,1
357.5,4.5,195.5,0,365,0
340.5,12.5,212.5,-10.5,365,1
371.0,18.0,182.0,0,360,0
371.0,18.0,182.0,0,360,0
371.0,18.0,182.0,0,360,0
371.0,18.0,182.0,0,360,0
329.5,23.5,223.5,-10.5,360,1
329.5,23.5,223.5,-10.5,360,1
329.5,23.5,223.5,-10.5,360,1
371.0,18.0,182.0,0,360,0
329.5,23.5,223.5,-10.5,360,1
371.0,18.0,182.0,0,360,0
371.0,18.0,182.0,0,360,0
329.5,23.5,223.5,-10.5,360,1
371.0,18.0,182.0,0,360,1
371.0,18.0,182.0,0,360,0
329.5,23.5,223.5,-10.5,360,1
371.0,18.0,182.0,0,360,0
329.5,23.5,223.5,-10.5,360,1
329.5,23.5,223.5,-10.5,360,1
329.5,23.5,223.5,-10.5,360,1
329.5,23.5,223.5,-10.5,360,1
371.0,18.0,182.0,0,360,0
329.5,23.5,223.5,-10.5,360,1
371.0,18.0,182.0,0,360,0
329.5,23.5,223.5,-10.5,360,1
329.5,23.5,223.5,-10.5,360,1
371.0,18.0,182.0,0,360,0
329.5,23.5,223.5,-10.5,360,1
329.5,23.5,223.5,-10.5,360,1
371.0,18.0,182.0,0,360,0
371.0,18.0,182.0,0,360,0
371.0,18.0,182.0,0,360,0
329.5,23.5,223.5,-10.5,360,1
329.5,23.5,223.5,-10.5,360,1
371.0,18.0,182.0,0,360,0
329.5,23.5,223.5,-10.5,360,1
329.5,23.5,223.5,-10.5,360,1
371.0,18.0,182.0,0,360,0
371.0,18.0,182.0,0,360,0
329.5,23.5,223.5,-10.5,360,1
323.5,29.5,229.5,-10.5,360,0
329.5,23.5,223.5,-10.5,360,1
371.0,18.0,182.0,0,360,0
329.5,23.5,223.5,-10.5,360,1
371.0,18.0,182.0,0,360,0
371.0,18.0,182.0,0,360,0
329.5,23.5,223.5,-10.5,360,1
329.5,23.5,223.5,-10.5,360,1
346.5,6.5,206.5,-10.5,360,0
371.0,18.0,182.0,0,360,0
329.5,23.5,223.5,-10.5,360,1
387.0,34.0,166.0,0,355,0
387.0,34.0,166.0,0,355,0
387.0,34.0,166.0,0,355,0
387.0,34.0,166.0,0,355,1
318.5,34.5,234.5,-10.5,355,1
318.5,34.5,234.5,-10.5,355,1
318.5,34.5,234.5,-10.5,355,1
387.0,34.0,166.0,0,355,0
318.5,34.5,234.5,-10.5,355,1
387.0,34.0,166.0,0,355,0
387.0,34.0,166.0,0,355,0
318.5,34.5,234.5,-10.5,355,1
360.0,7.0,193.0,-10.5,355,0
387.0,34.0,166.0,0,355,0
318.5,34.5,234.5,-10.5,355,1
387.0,34.0,166.0,0,355,0
318.5,34.5,234.5,-10.5,355,1
318.5,34.5,234.5,-10.5,355,1
318.5,34.5,234.5,-10.5,355,1
318.5,34.5,234.5,-10.5,355,1
387.0,34.0,166.0,0,355,0
318.5,34.5,234.5,-10.5,355,1
387.0,34.0,166.0,0,355,0
318.5,34.5,234.5,-10.5,355,1
318.5,34.5,234.5,-10.5,355,1
387.0,34.0,166.0,0,355,0
318.5,34.5,234.5,-10.5,355,1
318.5,34.5,234.5,-10.5,355,1
387.0,34.0,166.0,0,355,0
387.0,34.0,166.0,0,355,0
387.0,34.0,166.0,0,355,0
318.5,34.5,234.5,-10.5,355,1
318.5,34.5,234.5,-10.5,355,1
387.0,34.0,166.0,0,355,0
318.5,34.5,234.5,-10.5,355,1
318.5,34.5,234.5,-10.5,355,1
387.0,34.0,166.0,0,355,0
387.0,34.0,166.0,0,355,0
318.5,34.5,234.5,-10.5,355,1
303.5,49.5,249.5,-10.5,355,0
318.5,34.5,234.5,-10.5,355,1
387.0,34.0,166.0,0,355,0
318.5,34.5,234.5,-10.5,355,1
387.0,34.0,166.0,0,355,0
387.0,34.0,166.0,0,355,0
318.5,34.5,234.5,-10.5,355,1
318.5,34.5,234.5,-10.5,355,1
329.5,23.5,223.5,-10.5,355,0
387.0,34.0,166.0,0,355,0
318.5,34.5,234.5,-10.5,355,1
403.0,50.0,150.0,0,350,0
403.0,50.0,150.0,0,350,0
403.0,50.0,150.0,0,350,0
376.0,23.0,177.0,-10.5,350,1
307.5,45.5,245.5,-10.5,350,1
307.5,45.5,245.5,-10.5,350,1
307.5,45.5,245.5,-10.5,350,1
403.0,50.0,150.0,0,350,0
307.5,45.5,245.5,-10.5,350,1
403.0,50.0,150.0,0,350,0
403.0,50.0,150.0,0,350,0
307.5,45.5,245.5,-10.5,350,1
343.0,10.0,210.0,-10.5,350,0
403.0,50.0,150.0,0,350,0
307.5,45.5,245.5,-10.5,350,1
403.0,50.0,150.0,0,350,0
307.5,45.5,245.5,-10.5,350,1
307.5,45.5,245.5,-10.5,350,1
307.5,45.5,245.5,-10.5,350,1
307.5,45.5,245.5,-10.5,350,1
403.0,50.0,150.0,0,350,0
307.5,45.5,245.5,-10.5,350,1
403.0,50.0,150.0,0,350,0
307.5,45.5,245.5,-10.5,350,1
307.5,45.5,245.5,-10.5,350,1
403.0,50.0,150.0,0,350,0
307.5,45.5,245.5,-10.5,350,1
307.5,45.5,245.5,-10.5,350,1
403.0,50.0,150.0,0,350,0
403.0,50.0,150.0,0,350,0
403.0,50.0,150.0,0,350,0
307.5,45.5,245.5,-10.5,350,1
307.5,45.5,245.5,-10.5,350,1
403.0,50.0,150.0,0,350,0
307.5,45.5,245.5,-10.5,350,1
307.5,45.5,245.5,-10.5,350,1
403.0,50.0,150.0,0,350,0
403.0,50.0,150.0,0,350,0
307.5,45.5,245.5,-10.5,350,1
283.5,69.5,269.5,-10.5,350,0
307.5,45.5,245.5,-10.5,350,1
403.0,50.0,150.0,0,350,0
307.5,45.5,245.5,-10.5,350,1
403.0,50.0,150.0,0,350,0
403.0,50.0,150.0,0,350,0
307.5,45.5,245.5,-10.5,350,1
307.5,45.5,245.5,-10.5,350,1
309.5,43.5,243.5,-10.5,350,0
403.0,50.0,150.0,0,350,0
307.5,45.5,245.5,-10.5,350,1
419.0,66.0,134.0,0,345,0
419.0,66.0,134.0,0,345,0
419.0,66.0,134.0,0,345,0
365.0,12.0,188.0,-10.5,345,0
296.5,56.5,256.5,-10.5,345,1
296.5,56.5,256.5,-10.5,345,1
296.5,56.5,256.5,-10.5,345,1
419.0,66.0,134.0,0,345,0
296.5,56.5,256.5,-10.5,345,1
419.0,66.0,134.0,0,345,0
419.0,66.0,134.0,0,345,0
296.5,56.5,256.5,-10.5,345,1
323.0,30.0,230.0,-10.5,345,0
419.0,66.0,134.0,0,345,0
296.5,56.5,256.5,-10.5,345,1
419.0,66.0,134.0,0,345,0
296.5,56.5,256.5,-10.5,345,1
296.5,56.5,256.5,-10.5,345,1
296.5,56.5,256.5,-10.5,345,1
296.5,56.5,256.5,-10.5,345,1
419.0,66.0,134.0,0,345,0
296.5,56.5,256.5,-10.5,345,1
419.0,66.0,134.0,0,345,0
296.5,56.5,256.5,-10.5,345,1
296.5,56.5,256.5,-10.5,345,1
419.0,66.0,134.0,0,345,0
296.5,56.5,256.5,-10.5,345,1
296.5,56.5,256.5,-10.5,345,1
419.0,66.0,134.0,0,345,0
419.0,66.0,134.0,0,345,0
419.0,66.0,134.0,0,345,0
296.5,56.5,256.5,-10.5,345,1
296.5,56.5,256.5,-10.5,345,1
419.0,66.0,134.0,0,345,0
296.5,56.5,256.5,-10.5,345,1
296.5,56.5,256.5,-10.5,345,1
419.0,66.0,134.0,0,345,0
419.0,66.0,134.0,0,345,0
296.5,56.5,256.5,-10.5,345,1
266.5,86.5,286.5,-10.5,345,0
296.5,56.5,256.5,-10.5,345,1
419.0,66.0,134.0,0,345,0
296.5,56.5,256.5,-10.5,345,1
419.0,66.0,134.0,0,345,0
419.0,66.0,134.0,0,345,0
296.5,56.5,256.5,-10.5,345,1
296.5,56.5,256.5,-10.5,345,1
289.5,63.5,263.5,-10.5,345,0
419.0,66.0,134.0,0,345,0
296.5,56.5,256.5,-10.5,345,1
435.0,82.0,118.0,0,340,0
435.0,82.0,118.0,0,340,0
435.0,82.0,118.0,0,340,0
348.0,5.0,205.0,-10.5,340,0
285.5,67.5,267.5,-10.5,340,1
285.5,67.5,267.5,-10.5,340,1
285.5,67.5,267.5,-10.5,340,1
435.0,82.0,118.0,0,340,0
285.5,67.5,267.5,-10.5,340,1
435.0,82.0,118.0,0,340,0
435.0,82.0,118.0,0,340,0
285.5,67.5,267.5,-10.5,340,1
303.0,50.0,250.0,-10.5,340,0
435.0,82.0,118.0,0,340,0
285.5,67.5,267.5,-10.5,340,1
435.0,82.0,118.0,0,340,0
285.5,67.5,267.5,-10.5,340,1
285.5,67.5,267.5,-10.5,340,1
285.5,67.5,267.5,-10.5,340,1
285.5,67.5,267.5,-10.5,340,1
435.0,82.0,118.0,0,340,0
285.5,67.5,267.5,-10.5,340,1
435.0,82.0,118.0,0,340,0
285.5,67.5,267.5,-10.5,340,1
285.5,67.5,267.5,-10.5,340,1
435.0,82.0,118.0,0,340,0
285.5,67.5,267.5,-10.5,340,1
285.5,67.5,267.5,-10.5,340,1
435.0,82.0,118.0,0,340,0
435.0,82.0,118.0,0,340,0
435.0,82.0,118.0,0,340,0
285.5,67.5,267.5,-10.5,340,0
285.5,67.5,267.5,-10.5,340,1
435.0,82.0,118.0,0,340,0
285.5,67.5,267.5,-10.5,340,1
285.5,67.5,267.5,-10.5,340,1
435.0,82.0,118.0,0,340,0
435.0,82.0,118.0,0,340,0
285.5,67.5,267.5,-10.5,340,1
255.5,97.5,297.5,-10.5,340,0
285.5,67.5,267.5,-10.5,340,1
435.0,82.0,118.0,0,340,0
285.5,67.5,267.5,-10.5,340,1
435.0,82.0,118.0,0,340,0
435.0,82.0,118.0,0,340,0
285.5,67.5,267.5,-10.5,340,1
285.5,67.5,267.5,-10.5,340,1
272.5,80.5,280.5,-10.5,340,0
435.0,82.0,118.0,0,340,0
285.5,67.5,267.5,-10.5,340,1
451.0,98.0,102.0,0,335,0
451.0,98.0,102.0,0,335,0
451.0,98.0,102.0,0,335,1
328.0,25.0,225.0,-10.5,335,0
274.5,78.5,278.5,-10.5,335,1
274.5,78.5,278.5,-10.5,335,1
274.5,78.5,278.5,-10.5,335,1
451.0,98.0,102.0,0,335,0
274.5,78.5,278.5,-10.5,335,1
451.0,98.0,102.0,0,335,0
451.0,98.0,102.0,0,335,0
274.5,78.5,278.5,-10.5,335,1
286.0,67.0,267.0,-10.5,335,0
451.0,98.0,102.0,0,335,0
274.5,78.5,278.5,-10.5,335,1
451.0,98.0,102.0,0,335,0
274.5,78.5,278.5,-10.5,335,1
274.5,78.5,278.5,-10.5,335,1
274.5,78.5,278.5,-10.5,335,1
274.5,78.5,278.5,-10.5,335,1
451.0,98.0,102.0,0,335,0
274.5,78.5,278.5,-10.5,335,1
451.0,98.0,102.0,0,335,0
274.5,78.5,278.5,-10.5,335,1
274.5,78.5,278.5,-10.5,335,1
451.0,98.0,102.0,0,335,0
274.5,78.5,278.5,-10.5,335,1
274.5,78.5,278.5,-10.5,335,1
451.0,98.0,102.0,0,335,0
451.0,98.0,102.0,0,335,1
451.0,98.0,102.0,0,335,0
268.5,84.5,284.5,-10.5,335,0
274.5,78.5,278.5,-10.5,335,1
451.0,98.0,102.0,0,335,0
274.5,78.5,278.5,-10.5,335,1
274.5,78.5,278.5,-10.5,335,1
451.0,98.0,102.0,0,335,0
451.0,98.0,102.0,0,335,1
274.5,78.5,278.5,-10.5,335,1
255.5,97.5,297.5,-10.5,335,0
274.5,78.5,278.5,-10.5,335,1
451.0,98.0,102.0,0,335,0
274.5,78.5,278.5,-10.5,335,1
451.0,98.0,102.0,0,335,0
451.0,98.0,102.0,0,335,0
274.5,78.5,278.5,-10.5,335,1
274.5,78.5,278.5,-10.5,335,1
261.5,91.5,291.5,-10.5,335,0
451.0,98.0,102.0,0,335,0
274.5,78.5,278.5,-10.5,335,1
467.0,114.0,86.0,0,330,0
467.0,114.0,86.0,0,330,0
440.0,87.0,113.0,-10.5,330,0
308.0,45.0,245.0,-10.5,330,0
263.5,89.5,289.5,-10.5,330,1
263.5,89.5,289.5,-10.5,330,1
263.5,89.5,289.5,-10.5,330,1
467.0,114.0,86.0,0,330,0
263.5,89.5,289.5,-10.5,330,1
467.0,114.0,86.0,0,330,0
467.0,114.0,86.0,0,330,0
263.5,89.5,289.5,-10.5,330,1
275.0,78.0,278.0,-10.5,330,0
467.0,114.0,86.0,0,330,0
263.5,89.5,289.5,-10.5,330,1
467.0,114.0,86.0,0,330,0
263.5,89.5,289.5,-10.5,330,1
263.5,89.5,289.5,-10.5,330,1
263.5,89.5,289.5,-10.5,330,1
263.5,89.5,289.5,-10.5,330,1
467.0,114.0,86.0,0,330,0
263.5,89.5,289.5,-10.5,330,1
467.0,114.0,86.0,0,330,0
263.5,89.5,289.5,-10.5,330,1
263.5,89.5,289.5,-10.5,330,1
467.0,114.0,86.0,0,330,0
263.5,89.5,289.5,-10.5,330,1
263.5,89.5,289.5,-10.5,330,1
467.0,114.0,86.0,0,330,0
440.0,87.0,113.0,-10.5,330,0
467.0,114.0,86.0,0,330,0
248.5,104.5,304.5,-10.5,330,0
263.5,89.5,289.5,-10.5,330,1
467.0,114.0,86.0,0,330,0
263.5,89.5,289.5,-10.5,330,1
263.5,89.5,289.5,-10.5,330,1
467.0,114.0,86.0,0,330,0
440.0,87.0,113.0,-10.5,330,1
263.5,89.5,289.5,-10.5,330,1
267.5,85.5,285.5,-10.5,330,0
263.5,89.5,289.5,-10.5,330,1
467.0,114.0,86.0,0,330,0
263.5,89.5,289.5,-10.5,330,1
467.0,114.0,86.0,0,330,0
467.0,114.0,86.0,0,330,0
263.5,89.5,289.5,-10.5,330,1
263.5,89.5,289.5,-10.5,330,1
261.5,91.5,291.5,-10.5,330,0
467.0,114.0,86.0,0,330,1
263.5,89.5,289.5,-10.5,330,1
483.0,130.0,70.0,0,325,0
483.0,130.0,70.0,0,325,0
423.0,70.0,130.0,-10.5,325,0
291.0,62.0,262.0,-10.5,325,0
252.5,100.5,300.5,-10.5,325,1
252.5,100.5,300.5,-10.5,325,1
252.5,100.5,300.5,-10.5,325,1
483.0,130.0,70.0,0,325,1
252.5,100.5,300.5,-10.5,325,1
483.0,130.0,70.0,0,325,0
483.0,130.0,70.0,0,325,0
252.5,100.5,300.5,-10.5,325,1
275.0,78.0,278.0,-10.5,325,0
483.0,130.0,70.0,0,325,0
252.5,100.5,300.5,-10.5,325,1
483.0,130.0,70.0,0,325,0
252.5,100.5,300.5,-10.5,325,1
252.5,100.5,300.5,-10.5,325,1
252.5,100.5,300.5,-10.5,325,1
252.5,100.5,300.5,-10.5,325,1
483.0,130.0,70.0,0,325,1
252.5,100.5,300.5,-10.5,325,1
483.0,130.0,70.0,0,325,0
252.5,100.5,300.5,-10.5,325,1
252.5,100.5,300.5,-10.5,325,1
483.0,130.0,70.0,0,325,0
252.5,100.5,300.5,-10.5,325,1
252.5,100.5,300.5,-10.5,325,1
483.0,130.0,70.0,0,325,0
423.0,70.0,130.0,-10.5,325,0
483.0,130.0,70.0,0,325,0
228.5,124.5,324.5,-10.5,325,0
252.5,100.5,300.5,-10.5,325,1
483.0,130.0,70.0,0,325,0
252.5,100.5,300.5,-10.5,325,1
252.5,100.5,300.5,-10.5,325,1
483.0,130.0,70.0,0,325,0
429.0,76.0,124.0,-10.5,325,0
252.5,100.5,300.5,-10.5,325,1
283.5,69.5,269.5,-10.5,325,0
252.5,100.5,300.5,-10.5,325,1
483.0,130.0,70.0,0,325,0
252.5,100.5,300.5,-10.5,325,1
483.0,130.0,70.0,0,325,0
483.0,130.0,70.0,0,325,0
252.5,100.5,300.5,-10.5,325,1
252.5,100.5,300.5,-10.5,325,1
273.5,79.5,279.5,-10.5,325,0
456.0,103.0,97.0,-10.5,325,0
252.5,100.5,300.5,-10.5,325,1
499.0,146.0,54.0,0,320,0
499.0,146.0,54.0,0,320,0
403.0,50.0,150.0,-10.5,320,0
280.0,73.0,273.0,-10.5,320,0
241.5,111.5,311.5,-10.5,320,1
241.5,111.5,311.5,-10.5,320,1
241.5,111.5,311.5,-10.5,320,1
472.0,119.0,81.0,-10.5,320,0
241.5,111.5,311.5,-10.5,320,1
499.0,146.0,54.0,0,320,0
499.0,146.0,54.0,0,320,0
241.5,111.5,311.5,-10.5,320,1
287.0,66.0,266.0,-10.5,320,0
499.0,146.0,54.0,0,320,0
241.5,111.5,311.5,-10.5,320,1
499.0,146.0,54.0,0,320,0
241.5,111.5,311.5,-10.5,320,1
241.5,111.5,311.5,-10.5,320,1
241.5,111.5,311.5,-10.5,320,1
241.5,111.5,311.5,-10.5,320,1
472.0,119.0,81.0,-10.5,320,0
241.5,111.5,311.5,-10.5,320,1
499.0,146.0,54.0,0,320,0
241.5,111.5,311.5,-10.5,320,1
241.5,111.5,311.5,-10.5,320,1
499.0,146.0,54.0,0,320,0
241.5,111.5,311.5,-10.5,320,1
241.5,111.5,311.5,-10.5,320,1
499.0,146.0,54.0,0,320,0
403.0,50.0,150.0,-10.5,320,0
499.0,146.0,54.0,0,320,0
211.5,141.5,341.5,-10.5,320,0
241.5,111.5,311.5,-10.5,320,0
499.0,146.0,54.0,0,320,0
241.5,111.5,311.5,-10.5,320,1
241.5,111.5,311.5,-10.5,320,1
499.0,146.0,54.0,0,320,0
412.0,59.0,141.0,-10.5,320,0
241.5,111.5,311.5,-10.5,320,1
299.5,53.5,253.5,-10.5,320,0
241.5,111.5,311.5,-10.5,320,1
499.0,146.0,54.0,0,320,0
241.5,111.5,311.5,-10.5,320,1
499.0,146.0,54.0,0,320,0
499.0,146.0,54.0,0,320,0
241.5,111.5,311.5,-10.5,320,1
241.5,111.5,311.5,-10.5,320,1
289.5,63.5,263.5,-10.5,320,0
439.0,86.0,114.0,-10.5,320,0
241.5,111.5,311.5,-10.5,320,1
515.0,162.0,38.0,0,315,0
515.0,162.0,38.0,0,315,0
383.0,30.0,170.0,-10.5,315,0
280.0,73.0,273.0,-10.5,315,0
230.5,122.5,322.5,-10.5,315,1
230.5,122.5,322.5,-10.5,315,1
230.5,122.5,322.5,-10.5,315,0
455.0,102.0,98.0,-10.5,315,0
230.5,122.5,322.5,-10.5,315,1
515.0,162.0,38.0,0,315,0
515.0,162.0,38.0,0,315,0
230.5,122.5,322.5,-10.5,315,1
303.0,50.0,250.0,-10.5,315,0
515.0,162.0,38.0,0,315,0
230.5,122.5,322.5,-10.5,315,1
515.0,162.0,38.0,0,315,0
230.5,122.5,322.5,-10.5,315,1
230.5,122.5,322.5,-10.5,315,1
230.5,122.5,322.5,-10.5,315,1
230.5,122.5,322.5,-10.5,315,1
455.0,102.0,98.0,-10.5,315,0
230.5,122.5,322.5,-10.5,315,1
515.0,162.0,38.0,0,315,0
230.5,122.5,322.5,-10.5,315,1
230.5,122.5,322.5,-10.5,315,1
515.0,162.0,38.0,0,315,0
230.5,122.5,322.5,-10.5,315,1
230.5,122.5,322.5,-10.5,315,1
515.0,162.0,38.0,0,315,0
383.0,30.0,170.0,-10.5,315,0
515.0,162.0,38.0,0,315,0
200.5,152.5,352.5,-10.5,315,0
224.5,128.5,328.5,-10.5,315,0
515.0,162.0,38.0,0,315,0
230.5,122.5,322.5,-10.5,315,1
230.5,122.5,322.5,-10.5,315,1
515.0,162.0,38.0,0,315,0
392.0,39.0,161.0,-10.5,315,0
230.5,122.5,322.5,-10.5,315,1
315.5,37.5,237.5,-10.5,315,0
230.5,122.5,322.5,-10.5,315,1
515.0,162.0,38.0,0,315,0
230.5,122.5,322.5,-10.5,315,1
515.0,162.0,38.0,0,315,0
515.0,162.0,38.0,0,315,0
230.5,122.5,322.5,-10.5,315,1
230.5,122.5,322.5,-10.5,315,1
305.5,47.5,247.5,-10.5,315,0
419.0,66.0,134.0,-10.5,315,0
230.5,122.5,322.5,-10.5,315,1
531.0,178.0,22.0,0,310,0
531.0,178.0,22.0,0,310,0
366.0,13.0,187.0,-10.5,310,0
292.0,61.0,261.0,-10.5,310,0
219.5,133.5,333.5,-10.5,310,1
219.5,133.5,333.5,-10.5,310,1
213.5,139.5,339.5,-10.5,310,0
435.0,82.0,118.0,-10.5,310,0
219.5,133.5,333.5,-10.5,310,1
531.0,178.0,22.0,0,310,0
531.0,178.0,22.0,0,310,0
219.5,133.5,333.5,-10.5,310,1
319.0,34.0,234.0,-10.5,310,0
531.0,178.0,22.0,0,310,0
219.5,133.5,333.5,-10.5,310,1
531.0,178.0,22.0,0,310,0
219.5,133.5,333.5,-10.5,310,1
219.5,133.5,333.5,-10.5,310,1
219.5,133.5,333.5,-10.5,310,1
219.5,133.5,333.5,-10.5,310,1
435.0,82.0,118.0,-10.5,310,0
219.5,133.5,333.5,-10.5,310,1
531.0,178.0,22.0,0,310,0
219.5,133.5,333.5,-10.5,310,1
219.5,133.5,333.5,-10.5,310,1
531.0,178.0,22.0,0,310,0
219.5,133.5,333.5,-10.5,310,1
219.5,133.5,333.5,-10.5,310,1
531.0,178.0,22.0,0,310,1
366.0,13.0,187.0,-10.5,310,0
531.0,178.0,22.0,0,310,0
200.5,152.5,352.5,-10.5,310,0
204.5,148.5,348.5,-10.5,310,0
531.0,178.0,22.0,0,310,0
219.5,133.5,333.5,-10.5,310,1
219.5,133.5,333.5,-10.5,310,1
531.0,178.0,22.0,0,310,0
372.0,19.0,181.0,-10.5,310,0
219.5,133.5,333.5,-10.5,310,1
331.5,21.5,221.5,-10.5,310,0
219.5,133.5,333.5,-10.5,310,1
531.0,178.0,22.0,0,310,0
219.5,133.5,333.5,-10.5,310,1
531.0,178.0,22.0,0,310,0
531.0,178.0,22.0,0,310,0
219.5,133.5,333.5,-10.5,310,1
219.5,133.5,333.5,-10.5,310,1
321.5,31.5,231.5,-10.5,310,0
399.0,46.0,154.0,-10.5,310,0
219.5,133.5,333.5,-10.5,310,1
547.0,194.0,6.0,0,305,0
547.0,194.0,6.0,0,305,0
355.0,2.0,198.0,-10.5,305,0
308.0,45.0,245.0,-10.5,305,0
208.5,144.5,344.5,-10.5,305,1
208.5,144.5,344.5,-10.5,305,1
193.5,159.5,359.5,-10.5,305,0
415.0,62.0,138.0,-10.5,305,0
208.5,144.5,344.5,-10.5,305,1
547.0,194.0,6.0,0,305,0
547.0,194.0,6.0,0,305,0
208.5,144.5,344.5,-10.5,305,1
335.0,18.0,218.0,-10.5,305,0
547.0,194.0,6.0,0,305,0
208.5,144.5,344.5,-10.5,305,1
547.0,194.0,6.0,0,305,0
208.5,144.5,344.5,-10.5,305,1
208.5,144.5,344.5,-10.5,305,1
208.5,144.5,344.5,-10.5,305,1
208.5,144.5,344.5,-10.5,305,1
415.0,62.0,138.0,-10.5,305,0
208.5,144.5,344.5,-10.5,305,1
547.0,194.0,6.0,0,305,0
208.5,144.5,344.5,-10.5,305,1
208.5,144.5,344.5,-10.5,305,1
547.0,194.0,6.0,0,305,0
208.5,144.5,344.5,-10.5,305,1
208.5,144.5,344.5,-10.5,305,1
520.0,167.0,33.0,-10.5,305,0
355.0,2.0,198.0,-10.5,305,0
547.0,194.0,6.0,0,305,0
212.5,140.5,340.5,-10.5,305,0
184.5,168.5,368.5,-10.5,305,0
547.0,194.0,6.0,0,305,0
208.5,144.5,344.5,-10.5,305,1
208.5,144.5,344.5,-10.5,305,1
547.0,194.0,6.0,0,305,0
355.0,2.0,198.0,-10.5,305,0
208.5,144.5,344.5,-10.5,305,1
347.5,5.5,205.5,-10.5,305,1
208.5,144.5,344.5,-10.5,305,1
547.0,194.0,6.0,0,305,0
208.5,144.5,344.5,-10.5,305,1
547.0,194.0,6.0,0,305,0
547.0,194.0,6.0,0,305,0
208.5,144.5,344.5,-10.5,305,1
208.5,144.5,344.5,-10.5,305,1
337.5,15.5,215.5,-10.5,305,0
382.0,29.0,171.0,-10.5,305,0
208.5,144.5,344.5,-10.5,305,1
563.0,210.0,10.0,0,300,0
563.0,210.0,10.0,0,300,0
355.0,2.0,198.0,-10.5,300,0
324.0,29.0,229.0,-10.5,300,0
197.5,155.5,355.5,-10.5,300,1
197.5,155.5,355.5,-10.5,300,1
173.5,179.5,379.5,-10.5,300,0
398.0,45.0,155.0,-10.5,300,0
197.5,155.5,355.5,-10.5,300,1
563.0,210.0,10.0,0,300,0
563.0,210.0,10.0,0,300,0
197.5,155.5,355.5,-10.5,300,1
351.0,2.0,202.0,-10.5,300,0
563.0,210.0,10.0,0,300,0
197.5,155.5,355.5,-10.5,300,1
563.0,210.0,10.0,0,300,0
197.5,155.5,355.5,-10.5,300,1
197.5,155.5,355.5,-10.5,300,1
197.5,155.5,355.5,-10.5,300,1
197.5,155.5,355.5,-10.5,300,1
398.0,45.0,155.0,-10.5,300,0
197.5,155.5,355.5,-10.5,300,1
563.0,210.0,10.0,0,300,0
197.5,155.5,355.5,-10.5,300,1
197.5,155.5,355.5,-10.5,300,1
563.0,210.0,10.0,0,300,0
197.5,155.5,355.5,-10.5,300,1
197.5,155.5,355.5,-10.5,300,1
503.0,150.0,50.0,-10.5,300,0
355.0,2.0,198.0,-10.5,300,0
563.0,210.0,10.0,0,300,0
228.5,124.5,324.5,-10.5,300,0
167.5,185.5,385.5,-10.5,300,0
563.0,210.0,10.0,0,300,0
197.5,155.5,355.5,-10.5,300,1
197.5,155.5,355.5,-10.5,300,1
563.0,210.0,10.0,0,300,0
344.0,9.0,209.0,-10.5,300,0
197.5,155.5,355.5,-10.5,300,1
336.5,16.5,216.5,-10.5,300,0
197.5,155.5,355.5,-10.5,300,1
563.0,210.0,10.0,0,300,0
197.5,155.5,355.5,-10.5,300,1
563.0,210.0,10.0,0,300,0
563.0,210.0,10.0,0,300,0
197.5,155.5,355.5,-10.5,300,1
197.5,155.5,355.5,-10.5,300,1
353.5,0.5,199.5,-10.5,300,1
371.0,18.0,182.0,-10.5,300,0
197.5,155.5,355.5,-10.5,300,1
579.0,226.0,26.0,0,295,0
579.0,226.0,26.0,0,295,0
367.0,14.0,186.0,-10.5,295,0
340.0,13.0,213.0,-10.5,295,0
186.5,166.5,366.5,-10.5,295,1
186.5,166.5,366.5,-10.5,295,1
156.5,196.5,396.5,-10.5,295,0
387.0,34.0,166.0,-10.5,295,0
186.5,166.5,366.5,-10.5,295,1
579.0,226.0,26.0,0,295,0
579.0,226.0,26.0,0,295,0
186.5,166.5,366.5,-10.5,295,1
367.0,14.0,186.0,-10.5,295,1
579.0,226.0,26.0,0,295,0
186.5,166.5,366.5,-10.5,295,1
579.0,226.0,26.0,0,295,0
186.5,166.5,366.5,-10.5,295,1
186.5,166.5,366.5,-10.5,295,1
186.5,166.5,366.5,-10.5,295,1
186.5,166.5,366.5,-10.5,295,1
387.0,34.0,166.0,-10.5,295,0
186.5,166.5,366.5,-10.5,295,1
579.0,226.0,26.0,0,295,0
186.5,166.5,366.5,-10.5,295,1
186.5,166.5,366.5,-10.5,295,1
579.0,226.0,26.0,0,295,0
186.5,166.5,366.5,-10.5,295,1
186.5,166.5,366.5,-10.5,295,1
483.0,130.0,70.0,-10.5,295,0
367.0,14.0,186.0,-10.5,295,0
579.0,226.0,26.0,0,295,0
244.5,108.5,308.5,-10.5,295,0
156.5,196.5,396.5,-10.5,295,0
579.0,226.0,26.0,0,295,0
186.5,166.5,366.5,-10.5,295,1
186.5,166.5,366.5,-10.5,295,1
579.0,226.0,26.0,0,295,0
344.0,9.0,209.0,-10.5,295,0
186.5,166.5,366.5,-10.5,295,1
319.5,33.5,233.5,-10.5,295,0
186.5,166.5,366.5,-10.5,295,1
579.0,226.0,26.0,0,295,0
186.5,166.5,366.5,-10.5,295,1
579.0,226.0,26.0,0,295,0
579.0,226.0,26.0,0,295,0
186.5,166.5,366.5,-10.5,295,1
186.5,166.5,366.5,-10.5,295,1
342.5,10.5,210.5,-10.5,295,0
371.0,18.0,182.0,-10.5,295,0
186.5,166.5,366.5,-10.5,295,0
595.0,242.0,42.0,0,290,0
595.0,242.0,42.0,0,290,0
383.0,30.0,170.0,-10.5,290,0
356.0,3.0,197.0,-10.5,290,0
175.5,177.5,377.5,-10.5,290,1
175.5,177.5,377.5,-10.5,290,1
145.5,207.5,407.5,-10.5,290,0
387.0,34.0,166.0,-10.5,290,0
175.5,177.5,377.5,-10.5,290,1
595.0,242.0,42.0,0,290,0
595.0,242.0,42.0,0,290,0
175.5,177.5,377.5,-10.5,290,1
356.0,3.0,197.0,-10.5,290,0
595.0,242.0,42.0,0,290,0
175.5,177.5,377.5,-10.5,290,1
595.0,242.0,42.0,0,290,0
175.5,177.5,377.5,-10.5,290,1
175.5,177.5,377.5,-10.5,290,1
175.5,177.5,377.5,-10.5,290,1
175.5,177.5,377.5,-10.5,290,1
387.0,34.0,166.0,-10.5,290,0
175.5,177.5,377.5,-10.5,290,1
595.0,242.0,42.0,0,290,0
175.5,177.5,377.5,-10.5,290,1
175.5,177.5,377.5,-10.5,290,1
595.0,242.0,42.0,0,290,0
175.5,177.5,377.5,-10.5,290,1
175.5,177.5,377.5,-10.5,290,1
463.0,110.0,90.0,-10.5,290,0
383.0,30.0,170.0,-10.5,290,0
595.0,242.0,42.0,0,290,0
260.5,92.5,292.5,-10.5,290,0
156.5,196.5,396.5,-10.5,290,0
595.0,242.0,42.0,0,290,0
175.5,177.5,377.5,-10.5,290,1
175.5,177.5,377.5,-10.5,290,1
595.0,242.0,42.0,0,290,0
356.0,3.0,197.0,-10.5,290,0
175.5,177.5,377.5,-10.5,290,1
299.5,53.5,253.5,-10.5,290,0
175.5,177.5,377.5,-10.5,290,1
595.0,242.0,42.0,0,290,0
175.5,177.5,377.5,-10.5,290,1
595.0,242.0,42.0,0,290,0
595.0,242.0,42.0,0,290,0
175.5,177.5,377.5,-10.5,290,1
175.5,177.5,377.5,-10.5,290,1
325.5,27.5,227.5,-10.5,290,0
383.0,30.0,170.0,-10.5,290,0
169.5,183.5,383.5,-10.5,290,0
611.0,258.0,58.0,0,285,0
611.0,258.0,58.0,0,285,0
399.0,46.0,154.0,-10.5,285,0
372.0,19.0,181.0,-10.5,285,1
164.5,188.5,388.5,-10.5,285,1
164.5,188.5,388.5,-10.5,285,1
145.5,207.5,407.5,-10.5,285,0
399.0,46.0,154.0,-10.5,285,0
164.5,188.5,388.5,-10.5,285,0
611.0,258.0,58.0,0,285,0
611.0,258.0,58.0,0,285,0
164.5,188.5,388.5,-10.5,285,1
339.0,14.0,214.0,-10.5,285,0
611.0,258.0,58.0,0,285,0
164.5,188.5,388.5,-10.5,285,1
611.0,258.0,58.0,0,285,0
164.5,188.5,388.5,-10.5,285,1
164.5,188.5,388.5,-10.5,285,1
164.5,188.5,388.5,-10.5,285,1
164.5,188.5,388.5,-10.5,285,1
399.0,46.0,154.0,-10.5,285,0
164.5,188.5,388.5,-10.5,285,1
611.0,258.0,58.0,0,285,0
164.5,188.5,388.5,-10.5,285,1
164.5,188.5,388.5,-10.5,285,1
611.0,258.0,58.0,0,285,0
164.5,188.5,388.5,-10.5,285,1
164.5,188.5,388.5,-10.5,285,1
446.0,93.0,107.0,-10.5,285,0
399.0,46.0,154.0,-10.5,285,0
611.0,258.0,58.0,0,285,0
276.5,76.5,276.5,-10.5,285,0
168.5,184.5,384.5,-10.5,285,0
611.0,258.0,58.0,0,285,0
164.5,188.5,388.5,-10.5,285,1
164.5,188.5,388.5,-10.5,285,1
611.0,258.0,58.0,0,285,0
372.0,19.0,181.0,-10.5,285,0
164.5,188.5,388.5,-10.5,285,1
279.5,73.5,273.5,-10.5,285,0
164.5,188.5,388.5,-10.5,285,1
611.0,258.0,58.0,0,285,0
164.5,188.5,388.5,-10.5,285,1
611.0,258.0,58.0,0,285,0
611.0,258.0,58.0,0,285,0
164.5,188.5,388.5,-10.5,285,1
164.5,188.5,388.5,-10.5,285,1
305.5,47.5,247.5,-10.5,285,0
399.0,46.0,154.0,-10.5,285,0
149.5,203.5,403.5,-10.5,285,0
627.0,274.0,74.0,0,280,0
627.0,274.0,74.0,0,280,0
415.0,62.0,138.0,-10.5,280,0
361.0,8.0,192.0,-10.5,280,0
153.5,199.5,399.5,-10.5,280,1
153.5,199.5,399.5,-10.5,280,1
157.5,195.5,395.5,-10.5,280,0
415.0,62.0,138.0,-10.5,280,0
147.5,205.5,405.5,-10.5,280,0
627.0,274.0,74.0,0,280,0
627.0,274.0,74.0,0,280,0
153.5,199.5,399.5,-10.5,280,1
319.0,34.0,234.0,-10.5,280,0
627.0,274.0,74.0,0,280,0
153.5,199.5,399.5,-10.5,280,1
627.0,274.0,74.0,0,280,0
153.5,199.5,399.5,-10.5,280,1
153.5,199.5,399.5,-10.5,280,1
153.5,199.5,399.5,-10.5,280,1
153.5,199.5,399.5,-10.5,280,1
415.0,62.0,138.0,-10.5,280,0
153.5,199.5,399.5,-10.5,280,1
627.0,274.0,74.0,0,280,0
153.5,199.5,399.5,-10.5,280,1
153.5,199.5,399.5,-10.5,280,1
627.0,274.0,74.0,0,280,0
153.5,199.5,399.5,-10.5,280,1
153.5,199.5,399.5,-10.5,280,1
435.0,82.0,118.0,-10.5,280,0
415.0,62.0,138.0,-10.5,280,0
627.0,274.0,74.0,0,280,0
292.5,60.5,260.5,-10.5,280,1
184.5,168.5,368.5,-10.5,280,0
627.0,274.0,74.0,0,280,0
153.5,199.5,399.5,-10.5,280,1
153.5,199.5,399.5,-10.5,280,1
627.0,274.0,74.0,0,280,0
388.0,35.0,165.0,-10.5,280,0
153.5,199.5,399.5,-10.5,280,1
262.5,90.5,290.5,-10.5,280,0
153.5,199.5,399.5,-10.5,280,1
627.0,274.0,74.0,0,280,0
153.5,199.5,399.5,-10.5,280,1
627.0,274.0,74.0,0,280,0
627.0,274.0,74.0,0,280,0
153.5,199.5,399.5,-10.5,280,1
153.5,199.5,399.5,-10.5,280,1
285.5,67.5,267.5,-10.5,280,0
415.0,62.0,138.0,-10.5,280,0
129.5,223.5,423.5,-10.5,280,0
643.0,290.0,90.0,0,275,0
643.0,290.0,90.0,0,275,0
431.0,78.0,122.0,-10.5,275,0
344.0,9.0,209.0,-10.5,275,0
142.5,210.5,410.5,-10.5,275,1
142.5,210.5,410.5,-10.5,275,1
173.5,179.5,379.5,-10.5,275,0
431.0,78.0,122.0,-10.5,275,0
127.5,225.5,425.5,-10.5,275,0
643.0,290.0,90.0,0,275,0
643.0,290.0,90.0,0,275,0
142.5,210.5,410.5,-10.5,275,1
299.0,54.0,254.0,-10.5,275,0
643.0,290.0,90.0,0,275,0
142.5,210.5,410.5,-10.5,275,1
643.0,290.0,90.0,0,275,0
142.5,210.5,410.5,-10.5,275,1
142.5,210.5,410.5,-10.5,275,1
142.5,210.5,410.5,-10.5,275,1
142.5,210.5,410.5,-10.5,275,1
431.0,78.0,122.0,-10.5,275,0
142.5,210.5,410.5,-10.5,275,1
643.0,290.0,90.0,0,275,0
142.5,210.5,410.5,-10.5,275,1
142.5,210.5,410.5,-10.5,275,1
643.0,290.0,90.0,0,275,0
142.5,210.5,410.5,-10.5,275,1
142.5,210.5,410.5,-10.5,275,1
435.0,82.0,118.0,-10.5,275,0
431.0,78.0,122.0,-10.5,275,0
643.0,290.0,90.0,0,275,0
281.5,71.5,271.5,-10.5,275,0
200.5,152.5,352.5,-10.5,275,0
643.0,290.0,90.0,0,275,0
142.5,210.5,410.5,-10.5,275,1
142.5,210.5,410.5,-10.5,275,1
643.0,290.0,90.0,0,275,0
404.0,51.0,149.0,-10.5,275,0
142.5,210.5,410.5,-10.5,275,1
251.5,101.5,301.5,-10.5,275,0
142.5,210.5,410.5,-10.5,275,1
643.0,290.0,90.0,0,275,0
142.5,210.5,410.5,-10.5,275,1
643.0,290.0,90.0,0,275,0
643.0,290.0,90.0,0,275,0
142.5,210.5,410.5,-10.5,275,1
142.5,210.5,410.5,-10.5,275,1
268.5,84.5,284.5,-10.5,275,0
431.0,78.0,122.0,-10.5,275,0
112.5,240.5,440.5,-10.5,275,0
659.0,306.0,106.0,0,270,0
659.0,306.0,106.0,0,270,0
447.0,94.0,106.0,-10.5,270,1
324.0,29.0,229.0,-10.5,270,0
131.5,221.5,421.5,-10.5,270,1
131.5,221.5,421.5,-10.5,270,1
189.5,163.5,363.5,-10.5,270,0
447.0,94.0,106.0,-10.5,270,0
107.5,245.5,445.5,-10.5,270,0
659.0,306.0,106.0,0,270,0
659.0,306.0,106.0,0,270,0
131.5,221.5,421.5,-10.5,270,1
282.0,71.0,271.0,-10.5,270,0
659.0,306.0,106.0,0,270,0
131.5,221.5,421.5,-10.5,270,1
659.0,306.0,106.0,0,270,0
131.5,221.5,421.5,-10.5,270,1
131.5,221.5,421.5,-10.5,270,1
131.5,221.5,421.5,-10.5,270,1
131.5,221.5,421.5,-10.5,270,1
447.0,94.0,106.0,-10.5,270,0
131.5,221.5,421.5,-10.5,270,1
659.0,306.0,106.0,0,270,0
131.5,221.5,421.5,-10.5,270,1
131.5,221.5,421.5,-10.5,270,1
659.0,306.0,106.0,0,270,0
131.5,221.5,421.5,-10.5,270,1
131.5,221.5,421.5,-10.5,270,1
447.0,94.0,106.0,-10.5,270,0
447.0,94.0,106.0,-10.5,270,1
659.0,306.0,106.0,0,270,0
264.5,88.5,288.5,-10.5,270,0
216.5,136.5,336.5,-10.5,270,0
659.0,306.0,106.0,0,270,0
131.5,221.5,421.5,-10.5,270,1
131.5,221.5,421.5,-10.5,270,1
659.0,306.0,106.0,0,270,0
420.0,67.0,133.0,-10.5,270,0
131.5,221.5,421.5,-10.5,270,1
251.5,101.5,301.5,-10.5,270,0
131.5,221.5,421.5,-10.5,270,1
659.0,306.0,106.0,0,270,0
131.5,221.5,421.5,-10.5,270,1
659.0,306.0,106.0,0,270,0
659.0,306.0,106.0,0,270,0
131.5,221.5,421.5,-10.5,270,1
131.5,221.5,421.5,-10.5,270,1
257.5,95.5,295.5,-10.5,270,0
447.0,94.0,106.0,-10.5,270,0
101.5,251.5,451.5,-10.5,270,0
675.0,322.0,122.0,0,265,0
675.0,322.0,122.0,0,265,0
436.0,83.0,117.0,-10.5,265,0
304.0,49.0,249.0,-10.5,265,0
120.5,232.5,432.5,-10.5,265,1
120.5,232.5,432.5,-10.5,265,1
205.5,147.5,347.5,-10.5,265,0
463.0,110.0,90.0,-10.5,265,0
90.5,262.5,462.5,-10.5,265,0
675.0,322.0,122.0,0,265,0
675.0,322.0,122.0,0,265,0
120.5,232.5,432.5,-10.5,265,1
271.0,82.0,282.0,-10.5,265,0
675.0,322.0,122.0,0,265,0
120.5,232.5,432.5,-10.5,265,1
675.0,322.0,122.0,0,265,0
120.5,232.5,432.5,-10.5,265,1
120.5,232.5,432.5,-10.5,265,1
120.5,232.5,432.5,-10.5,265,1
120.5,232.5,432.5,-10.5,265,1
463.0,110.0,90.0,-10.5,265,0
120.5,232.5,432.5,-10.5,265,1
675.0,322.0,122.0,0,265,0
120.5,232.5,432.5,-10.5,265,1
120.5,232.5,432.5,-10.5,265,1
675.0,322.0,122.0,0,265,0
120.5,232.5,432.5,-10.5,265,1
120.5,232.5,432.5,-10.5,265,1
463.0,110.0,90.0,-10.5,265,0
436.0,83.0,117.0,-10.5,265,0
675.0,322.0,122.0,0,265,0
244.5,108.5,308.5,-10.5,265,0
232.5,120.5,320.5,-10.5,265,0
675.0,322.0,122.0,0,265,0
120.5,232.5,432.5,-10.5,265,1
120.5,232.5,432.5,-10.5,265,1
675.0,322.0,122.0,0,265,0
436.0,83.0,117.0,-10.5,265,0
120.5,232.5,432.5,-10.5,265,1
263.5,89.5,289.5,-10.5,265,0
120.5,232.5,432.5,-10.5,265,1
675.0,322.0,122.0,0,265,0
120.5,232.5,432.5,-10.5,265,1
675.0,322.0,122.0,0,265,0
675.0,322.0,122.0,0,265,0
120.5,232.5,432.5,-10.5,265,1
120.5,232.5,432.5,-10.5,265,0
257.5,95.5,295.5,-10.5,265,0
463.0,110.0,90.0,-10.5,265,1
101.5,251.5,451.5,-10.5,265,0
691.0,338.0,138.0,0,260,0
691.0,338.0,138.0,0,260,0
419.0,66.0,134.0,-10.5,260,0
287.0,66.0,266.0,-10.5,260,0
109.5,243.5,443.5,-10.5,260,1
109.5,243.5,443.5,-10.5,260,1
221.5,131.5,331.5,-10.5,260,0
479.0,126.0,74.0,-10.5,260,0
79.5,273.5,473.5,-10.5,260,0
691.0,338.0,138.0,0,260,0
691.0,338.0,138.0,0,260,0
109.5,243.5,443.5,-10.5,260,1
271.0,82.0,282.0,-10.5,260,0
691.0,338.0,138.0,0,260,0
109.5,243.5,443.5,-10.5,260,1
691.0,338.0,138.0,0,260,0
109.5,243.5,443.5,-10.5,260,1
109.5,243.5,443.5,-10.5,260,1
109.5,243.5,443.5,-10.5,260,1
109.5,243.5,443.5,-10.5,260,1
479.0,126.0,74.0,-10.5,260,0
109.5,243.5,443.5,-10.5,260,1
691.0,338.0,138.0,0,260,0
109.5,243.5,443.5,-10.5,260,1
109.5,243.5,443.5,-10.5,260,1
691.0,338.0,138.0,0,260,0
109.5,243.5,443.5,-10.5,260,1
109.5,243.5,443.5,-10.5,260,1
479.0,126.0,74.0,-10.5,260,0
419.0,66.0,134.0,-10.5,260,0
691.0,338.0,138.0,0,260,0
224.5,128.5,328.5,-10.5,260,0
248.5,104.5,304.5,-10.5,260,1
691.0,338.0,138.0,0,260,0
109.5,243.5,443.5,-10.5,260,1
109.5,243.5,443.5,-10.5,260,1
691.0,338.0,138.0,0,260,0
452.0,99.0,101.0,-10.5,260,1
109.5,243.5,443.5,-10.5,260,1
279.5,73.5,273.5,-10.5,260,0
109.5,243.5,443.5,-10.5,260,1
691.0,338.0,138.0,0,260,0
109.5,243.5,443.5,-10.5,260,1
691.0,338.0,138.0,0,260,0
691.0,338.0,138.0,0,260,0
109.5,243.5,443.5,-10.5,260,1
103.5,249.5,449.5,-10.5,260,0
269.5,83.5,283.5,-10.5,260,0
452.0,99.0,101.0,-10.5,260,0
113.5,239.5,439.5,-10.5,260,0
707.0,354.0,154.0,0,255,0
707.0,354.0,154.0,0,255,0
399.0,46.0,154.0,-10.5,255,0
276.0,77.0,277.0,-10.5,255,0
98.5,254.5,454.5,-10.5,255,1
98.5,254.5,454.5,-10.5,255,1
237.5,115.5,315.5,-10.5,255,0
495.0,142.0,58.0,-10.5,255,1
79.5,273.5,473.5,-10.5,255,0
707.0,354.0,154.0,0,255,0
707.0,354.0,154.0,0,255,0
98.5,254.5,454.5,-10.5,255,1
283.0,70.0,270.0,-10.5,255,0
707.0,354.0,154.0,0,255,0
98.5,254.5,454.5,-10.5,255,1
707.0,354.0,154.0,0,255,0
98.5,254.5,454.5,-10.5,255,1
98.5,254.5,454.5,-10.5,255,1
98.5,254.5,454.5,-10.5,255,1
98.5,254.5,454.5,-10.5,255,1
495.0,142.0,58.0,-10.5,255,1
98.5,254.5,454.5,-10.5,255,1
707.0,354.0,154.0,0,255,0
98.5,254.5,454.5,-10.5,255,1
98.5,254.5,454.5,-10.5,255,1
707.0,354.0,154.0,0,255,0
98.5,254.5,454.5,-10.5,255,1
98.5,254.5,454.5,-10.5,255,1
495.0,142.0,58.0,-10.5,255,0
399.0,46.0,154.0,-10.5,255,0
707.0,354.0,154.0,0,255,0
207.5,145.5,345.5,-10.5,255,0
237.5,115.5,315.5,-10.5,255,0
707.0,354.0,154.0,0,255,0
98.5,254.5,454.5,-10.5,255,1
98.5,254.5,454.5,-10.5,255,1
707.0,354.0,154.0,0,255,0
441.0,88.0,112.0,-10.5,255,1
98.5,254.5,454.5,-10.5,255,1
295.5,57.5,257.5,-10.5,255,0
98.5,254.5,454.5,-10.5,255,1
707.0,354.0,154.0,0,255,0
98.5,254.5,454.5,-10.5,255,1
707.0,354.0,154.0,0,255,0
707.0,354.0,154.0,0,255,0
98.5,254.5,454.5,-10.5,255,1
83.5,269.5,469.5,-10.5,255,0
285.5,67.5,267.5,-10.5,255,0
435.0,82.0,118.0,-10.5,255,0
129.5,223.5,423.5,-10.5,255,0
723.0,370.0,170.0,0,250,0
723.0,370.0,170.0,0,250,0
379.0,26.0,174.0,-10.5,250,0
276.0,77.0,277.0,-10.5,250,0
87.5,265.5,465.5,-10.5,250,1
87.5,265.5,465.5,-10.5,250,1
253.5,99.5,299.5,-10.5,250,1
484.0,131.0,69.0,-10.5,250,1
91.5,261.5,461.5,-10.5,250,0
723.0,370.0,170.0,0,250,0
723.0,370.0,170.0,0,250,0
87.5,265.5,465.5,-10.5,250,1
299.0,54.0,254.0,-10.5,250,0
723.0,370.0,170.0,0,250,0
87.5,265.5,465.5,-10.5,250,1
723.0,370.0,170.0,0,250,0
87.5,265.5,465.5,-10.5,250,1
87.5,265.5,465.5,-10.5,250,1
87.5,265.5,465.5,-10.5,250,1
87.5,265.5,465.5,-10.5,250,1
484.0,131.0,69.0,-10.5,250,1
87.5,265.5,465.5,-10.5,250,1
723.0,370.0,170.0,0,250,0
87.5,265.5,465.5,-10.5,250,1
87.5,265.5,465.5,-10.5,250,1
723.0,370.0,170.0,0,250,0
87.5,265.5,465.5,-10.5,250,1
87.5,265.5,465.5,-10.5,250,1
511.0,158.0,42.0,-10.5,250,0
379.0,26.0,174.0,-10.5,250,0
723.0,370.0,170.0,0,250,0
196.5,156.5,356.5,-10.5,250,0
220.5,132.5,332.5,-10.5,250,0
723.0,370.0,170.0,0,250,0
87.5,265.5,465.5,-10.5,250,1
87.5,265.5,465.5,-10.5,250,1
723.0,370.0,170.0,0,250,0
430.0,77.0,123.0,-10.5,250,0
87.5,265.5,465.5,-10.5,250,1
311.5,41.5,241.5,-10.5,250,0
87.5,265.5,465.5,-10.5,250,1
723.0,370.0,170.0,0,250,0
87.5,265.5,465.5,-10.5,250,1
723.0,370.0,170.0,0,250,0
723.0,370.0,170.0,0,250,0
87.5,265.5,465.5,-10.5,250,1
63.5,289.5,489.5,-10.5,250,0
301.5,51.5,251.5,-10.5,250,0
415.0,62.0,138.0,-10.5,250,0
145.5,207.5,407.5,-10.5,250,0
739.0,386.0,186.0,0,245,0
739.0,386.0,186.0,0,245,0
362.0,9.0,191.0,-10.5,245,0
288.0,65.0,265.0,-10.5,245,0
76.5,276.5,476.5,-10.5,245,1
76.5,276.5,476.5,-10.5,245,1
242.5,110.5,310.5,-10.5,245,1
473.0,120.0,80.0,-10.5,245,0
107.5,245.5,445.5,-10.5,245,0
739.0,386.0,186.0,0,245,0
739.0,386.0,186.0,0,245,0
76.5,276.5,476.5,-10.5,245,1
315.0,38.0,238.0,-10.5,245,0
739.0,386.0,186.0,0,245,0
76.5,276.5,476.5,-10.5,245,1
739.0,386.0,186.0,0,245,0
76.5,276.5,476.5,-10.5,245,1
76.5,276.5,476.5,-10.5,245,1
76.5,276.5,476.5,-10.5,245,1
76.5,276.5,476.5,-10.5,245,1
473.0,120.0,80.0,-10.5,245,0
76.5,276.5,476.5,-10.5,245,1
739.0,386.0,186.0,0,245,0
76.5,276.5,476.5,-10.5,245,1
76.5,276.5,476.5,-10.5,245,1
739.0,386.0,186.0,0,245,0
76.5,276.5,476.5,-10.5,245,1
76.5,276.5,476.5,-10.5,245,1
527.0,174.0,26.0,-10.5,245,1
362.0,9.0,191.0,-10.5,245,0
739.0,386.0,186.0,0,245,0
196.5,156.5,356.5,-10.5,245,0
200.5,152.5,352.5,-10.5,245,0
739.0,386.0,186.0,0,245,0
76.5,276.5,476.5,-10.5,245,1
76.5,276.5,476.5,-10.5,245,1
739.0,386.0,186.0,0,245,0
413.0,60.0,140.0,-10.5,245,0
76.5,276.5,476.5,-10.5,245,1
327.5,25.5,225.5,-10.5,245,0
76.5,276.5,476.5,-10.5,245,1
739.0,386.0,186.0,0,245,0
76.5,276.5,476.5,-10.5,245,1
739.0,386.0,186.0,0,245,0
739.0,386.0,186.0,0,245,0
76.5,276.5,476.5,-10.5,245,1
46.5,306.5,506.5,-10.5,245,0
317.5,35.5,235.5,-10.5,245,0
395.0,42.0,158.0,-10.5,245,0
161.5,191.5,391.5,-10.5,245,0
351.0,2.0,202.0,-10.5,240,0
304.0,49.0,249.0,-10.5,240,0
65.5,287.5,487.5,-10.5,240,1
65.5,287.5,487.5,-10.5,240,1
231.5,121.5,321.5,-10.5,240,0
456.0,103.0,97.0,-10.5,240,0
123.5,229.5,429.5,-10.5,240,0
65.5,287.5,487.5,-10.5,240,1
331.0,22.0,222.0,-10.5,240,0
65.5,287.5,487.5,-10.5,240,1
65.5,287.5,487.5,-10.5,240,1
65.5,287.5,487.5,-10.5,240,1
65.5,287.5,487.5,-10.5,240,1
65.5,287.5,487.5,-10.5,240,1
456.0,103.0,97.0,-10.5,240,0
65.5,287.5,487.5,-10.5,240,1
65.5,287.5,487.5,-10.5,240,1
65.5,287.5,487.5,-10.5,240,1
65.5,287.5,487.5,-10.5,240,1
65.5,287.5,487.5,-10.5,240,1
516.0,163.0,37.0,-10.5,240,0
351.0,2.0,202.0,-10.5,240,0
208.5,144.5,344.5,-10.5,240,0
180.5,172.5,372.5,-10.5,240,0
65.5,287.5,487.5,-10.5,240,1
65.5,287.5,487.5,-10.5,240,1
393.0,40.0,160.0,-10.5,240,0
65.5,287.5,487.5,-10.5,240,1
343.5,9.5,209.5,-10.5,240,1
65.5,287.5,487.5,-10.5,240,1
65.5,287.5,487.5,-10.5,240,1
65.5,287.5,487.5,-10.5,240,1
35.5,317.5,517.5,-10.5,240,0
333.5,19.5,219.5,-10.5,240,0
378.0,25.0,175.0,-10.5,240,0
177.5,175.5,375.5,-10.5,240,0
351.0,2.0,202.0,-10.5,235,0
320.0,33.0,233.0,-10.5,235,0
54.5,298.5,498.5,-10.5,235,1
54.5,298.5,498.5,-10.5,235,1
214.5,138.5,338.5,-10.5,235,0
436.0,83.0,117.0,-10.5,235,0
139.5,213.5,413.5,-10.5,235,0
54.5,298.5,498.5,-10.5,235,1
347.0,6.0,206.0,-10.5,235,0
54.5,298.5,498.5,-10.5,235,1
54.5,298.5,498.5,-10.5,235,1
54.5,298.5,498.5,-10.5,235,1
54.5,298.5,498.5,-10.5,235,1
54.5,298.5,498.5,-10.5,235,1
436.0,83.0,117.0,-10.5,235,0
54.5,298.5,498.5,-10.5,235,1
54.5,298.5,498.5,-10.5,235,1
54.5,298.5,498.5,-10.5,235,1
54.5,298.5,498.5,-10.5,235,1
54.5,298.5,498.5,-10.5,235,1
499.0,146.0,54.0,-10.5,235,0
351.0,2.0,202.0,-10.5,235,0
224.5,128.5,328.5,-10.5,235,0
163.5,189.5,389.5,-10.5,235,0
54.5,298.5,498.5,-10.5,235,1
54.5,298.5,498.5,-10.5,235,1
373.0,20.0,180.0,-10.5,235,0
54.5,298.5,498.5,-10.5,235,1
332.5,20.5,220.5,-10.5,235,0
54.5,298.5,498.5,-10.5,235,1
54.5,298.5,498.5,-10.5,235,1
54.5,298.5,498.5,-10.5,235,1
35.5,317.5,517.5,-10.5,235,0
349.5,3.5,203.5,-10.5,235,0
367.0,14.0,186.0,-10.5,235,0
193.5,159.5,359.5,-10.5,235,1
363.0,10.0,190.0,-10.5,230,0
336.0,17.0,217.0,-10.5,230,0
43.5,309.5,509.5,-10.5,230,1
43.5,309.5,509.5,-10.5,230,1
194.5,158.5,358.5,-10.5,230,0
416.0,63.0,137.0,-10.5,230,0
155.5,197.5,397.5,-10.5,230,0
43.5,309.5,509.5,-10.5,230,1
363.0,10.0,190.0,-10.5,230,1
43.5,309.5,509.5,-10.5,230,1
43.5,309.5,509.5,-10.5,230,1
43.5,309.5,509.5,-10.5,230,1
43.5,309.5,509.5,-10.5,230,1
43.5,309.5,509.5,-10.5,230,1
416.0,63.0,137.0,-10.5,230,0
43.5,309.5,509.5,-10.5,230,1
43.5,309.5,509.5,-10.5,230,1
43.5,309.5,509.5,-10.5,230,1
43.5,309.5,509.5,-10.5,230,1
43.5,309.5,509.5,-10.5,230,1
479.0,126.0,74.0,-10.5,230,0
363.0,10.0,190.0,-10.5,230,0
240.5,112.5,312.5,-10.5,230,0
152.5,200.5,400.5,-10.5,230,0
43.5,309.5,509.5,-10.5,230,1
43.5,309.5,509.5,-10.5,230,1
356.0,3.0,197.0,-10.5,230,0
43.5,309.5,509.5,-10.5,230,1
315.5,37.5,237.5,-10.5,230,0
43.5,309.5,509.5,-10.5,230,1
43.5,309.5,509.5,-10.5,230,1
43.5,309.5,509.5,-10.5,230,1
47.5,305.5,505.5,-10.5,230,0
365.5,12.5,187.5,-10.5,230,1
367.0,14.0,186.0,-10.5,230,0
182.5,170.5,370.5,-10.5,230,0
379.0,26.0,174.0,-10.5,225,0
352.0,1.0,201.0,-10.5,225,0
32.5,320.5,520.5,-10.5,225,1
32.5,320.5,520.5,-10.5,225,1
174.5,178.5,378.5,-10.5,225,0
399.0,46.0,154.0,-10.5,225,0
171.5,181.5,381.5,-10.5,225,1
32.5,320.5,520.5,-10.5,225,1
352.0,1.0,201.0,-10.5,225,0
32.5,320.5,520.5,-10.5,225,1
32.5,320.5,520.5,-10.5,225,1
32.5,320.5,520.5,-10.5,225,1
32.5,320.5,520.5,-10.5,225,1
32.5,320.5,520.5,-10.5,225,1
399.0,46.0,154.0,-10.5,225,0
32.5,320.5,520.5,-10.5,225,1
32.5,320.5,520.5,-10.5,225,1
32.5,320.5,520.5,-10.5,225,1
32.5,320.5,520.5,-10.5,225,1
32.5,320.5,520.5,-10.5,225,1
459.0,106.0,94.0,-10.5,225,0
379.0,26.0,174.0,-10.5,225,0
256.5,96.5,296.5,-10.5,225,0
152.5,200.5,400.5,-10.5,225,0
32.5,320.5,520.5,-10.5,225,1
32.5,320.5,520.5,-10.5,225,1
345.0,8.0,208.0,-10.5,225,0
32.5,320.5,520.5,-10.5,225,1
295.5,57.5,257.5,-10.5,225,0
32.5,320.5,520.5,-10.5,225,1
32.5,320.5,520.5,-10.5,225,1
32.5,320.5,520.5,-10.5,225,1
63.5,289.5,489.5,-10.5,225,0
354.5,1.5,198.5,-10.5,225,1
379.0,26.0,174.0,-10.5,225,0
165.5,187.5,387.5,-10.5,225,0
395.0,42.0,158.0,-10.5,220,0
368.0,15.0,185.0,-10.5,220,0
21.5,331.5,531.5,-10.5,220,1
21.5,331.5,531.5,-10.5,220,1
157.5,195.5,395.5,-10.5,220,0
388.0,35.0,165.0,-10.5,220,0
160.5,192.5,392.5,-10.5,220,0
21.5,331.5,531.5,-10.5,220,1
335.0,18.0,218.0,-10.5,220,0
21.5,331.5,531.5,-10.5,220,1
21.5,331.5,531.5,-10.5,220,1
21.5,331.5,531.5,-10.5,220,1
21.5,331.5,531.5,-10.5,220,1
21.5,331.5,531.5,-10.5,220,1
388.0,35.0,165.0,-10.5,220,0
21.5,331.5,531.5,-10.5,220,1
21.5,331.5,531.5,-10.5,220,1
21.5,331.5,531.5,-10.5,220,1
21.5,331.5,531.5,-10.5,220,1
21.5,331.5,531.5,-10.5,220,1
442.0,89.0,111.0,-10.5,220,0
395.0,42.0,158.0,-10.5,220,0
272.5,80.5,280.5,-10.5,220,0
164.5,188.5,388.5,-10.5,220,0
21.5,331.5,531.5,-10.5,220,1
21.5,331.5,531.5,-10.5,220,1
345.0,8.0,208.0,-10.5,220,0
21.5,331.5,531.5,-10.5,220,1
275.5,77.5,277.5,-10.5,220,0
21.5,331.5,531.5,-10.5,220,1
21.5,331.5,531.5,-10.5,220,1
21.5,331.5,531.5,-10.5,220,1
79.5,273.5,473.5,-10.5,220,0
343.5,9.5,209.5,-10.5,220,0
395.0,42.0,158.0,-10.5,220,0
145.5,207.5,407.5,-10.5,220,0
411.0,58.0,142.0,-10.5,215,0
384.0,31.0,169.0,-10.5,215,1
10.5,342.5,542.5,-10.5,215,1
10.5,342.5,542.5,-10.5,215,1
146.5,206.5,406.5,-10.5,215,0
388.0,35.0,165.0,-10.5,215,0
143.5,209.5,409.5,-10.5,215,0
10.5,342.5,542.5,-10.5,215,1
315.0,38.0,238.0,-10.5,215,0
10.5,342.5,542.5,-10.5,215,1
10.5,342.5,542.5,-10.5,215,1
10.5,342.5,542.5,-10.5,215,1
10.5,342.5,542.5,-10.5,215,1
10.5,342.5,542.5,-10.5,215,1
388.0,35.0,165.0,-10.5,215,0
10.5,342.5,542.5,-10.5,215,1
10.5,342.5,542.5,-10.5,215,1
10.5,342.5,542.5,-10.5,215,1
10.5,342.5,542.5,-10.5,215,1
10.5,342.5,542.5,-10.5,215,1
431.0,78.0,122.0,-10.5,215,0
411.0,58.0,142.0,-10.5,215,0
288.5,64.5,264.5,-10.5,215,1
180.5,172.5,372.5,-10.5,215,0
10.5,342.5,542.5,-10.5,215,1
10.5,342.5,542.5,-10.5,215,1
357.0,4.0,196.0,-10.5,215,0
10.5,342.5,542.5,-10.5,215,1
258.5,94.5,294.5,-10.5,215,0
10.5,342.5,542.5,-10.5,215,1
10.5,342.5,542.5,-10.5,215,1
10.5,342.5,542.5,-10.5,215,1
95.5,257.5,457.5,-10.5,215,0
326.5,26.5,226.5,-10.5,215,0
411.0,58.0,142.0,-10.5,215,0
125.5,227.5,427.5,-10.5,215,0
427.0,74.0,126.0,-10.5,210,0
373.0,20.0,180.0,-10.5,210,1
-0.5,353.5,553.5,-10.5,210,1
-0.5,353.5,553.5,-10.5,210,1
146.5,206.5,406.5,-10.5,210,0
400.0,47.0,153.0,-10.5,210,0
123.5,229.5,429.5,-10.5,210,0
-0.5,353.5,553.5,-10.5,210,1
295.0,58.0,258.0,-10.5,210,0
-0.5,353.5,553.5,-10.5,210,1
-0.5,353.5,553.5,-10.5,210,1
-0.5,353.5,553.5,-10.5,210,1
-0.5,353.5,553.5,-10.5,210,0
-0.5,353.5,553.5,-10.5,210,1
400.0,47.0,153.0,-10.5,210,0
-0.5,353.5,553.5,-10.5,210,1
-0.5,353.5,553.5,-10.5,210,1
-0.5,353.5,553.5,-10.5,210,1
-0.5,353.5,553.5,-10.5,210,1
-0.5,353.5,553.5,-10.5,210,1
431.0,78.0,122.0,-10.5,210,0
427.0,74.0,126.0,-10.5,210,0
277.5,75.5,275.5,-10.5,210,0
196.5,156.5,356.5,-10.5,210,0
-0.5,353.5,553.5,-10.5,210,1
-0.5,353.5,553.5,-10.5,210,1
373.0,20.0,180.0,-10.5,210,0
-0.5,353.5,553.5,-10.5,210,1
247.5,105.5,305.5,-10.5,210,0
-0.5,353.5,553.5,-10.5,210,1
-0.5,353.5,553.5,-10.5,210,1
-0.5,353.5,553.5,-10.5,210,1
111.5,241.5,441.5,-10.5,210,0
306.5,46.5,246.5,-10.5,210,0
427.0,74.0,126.0,-10.5,210,0
108.5,244.5,444.5,-10.5,210,0
443.0,90.0,110.0,-10.5,205,1
362.0,9.0,191.0,-10.5,205,0
158.5,194.5,394.5,-10.5,205,0
416.0,63.0,137.0,-10.5,205,0
103.5,249.5,449.5,-10.5,205,0
278.0,75.0,275.0,-10.5,205,0
416.0,63.0,137.0,-10.5,205,0
443.0,90.0,110.0,-10.5,205,0
443.0,90.0,110.0,-10.5,205,0
260.5,92.5,292.5,-10.5,205,0
212.5,140.5,340.5,-10.5,205,0
389.0,36.0,164.0,-10.5,205,0
247.5,105.5,305.5,-10.5,205,0
127.5,225.5,425.5,-10.5,205,1
286.5,66.5,266.5,-10.5,205,0
443.0,90.0,110.0,-10.5,205,0
97.5,255.5,455.5,-10.5,205,0
432.0,79.0,121.0,-10.5,200,0
345.0,8.0,208.0,-10.5,200,0
174.5,178.5,378.5,-10.5,200,0
432.0,79.0,121.0,-10.5,200,0
86.5,266.5,466.5,-10.5,200,0
267.0,86.0,286.0,-10.5,200,0
432.0,79.0,121.0,-10.5,200,0
459.0,106.0,94.0,-10.5,200,0
459.0,106.0,94.0,-10.5,200,1
240.5,112.5,312.5,-10.5,200,0
228.5,124.5,324.5,-10.5,200,0
405.0,52.0,148.0,-10.5,200,0
259.5,93.5,293.5,-10.5,200,0
116.5,236.5,436.5,-10.5,200,0
269.5,83.5,283.5,-10.5,200,0
459.0,106.0,94.0,-10.5,200,1
97.5,255.5,455.5,-10.5,200,0
415.0,62.0,138.0,-10.5,195,0
325.0,28.0,228.0,-10.5,195,0
190.5,162.5,362.5,-10.5,195,0
448.0,95.0,105.0,-10.5,195,0
75.5,277.5,477.5,-10.5,195,0
267.0,86.0,286.0,-10.5,195,0
448.0,95.0,105.0,-10.5,195,0
475.0,122.0,78.0,-10.5,195,0
448.0,95.0,105.0,-10.5,195,1
220.5,132.5,332.5,-10.5,195,0
244.5,108.5,308.5,-10.5,195,1
421.0,68.0,132.0,-10.5,195,0
275.5,77.5,277.5,-10.5,195,0
99.5,253.5,453.5,-10.5,195,0
258.5,94.5,294.5,-10.5,195,0
448.0,95.0,105.0,-10.5,195,0
109.5,243.5,443.5,-10.5,195,0
395.0,42.0,158.0,-10.5,190,0
305.0,48.0,248.0,-10.5,190,0
206.5,146.5,346.5,-10.5,190,0
464.0,111.0,89.0,-10.5,190,0
75.5,277.5,477.5,-10.5,190,0
279.0,74.0,274.0,-10.5,190,0
464.0,111.0,89.0,-10.5,190,0
491.0,138.0,62.0,-10.5,190,0
437.0,84.0,116.0,-10.5,190,0
203.5,149.5,349.5,-10.5,190,0
233.5,119.5,319.5,-10.5,190,0
437.0,84.0,116.0,-10.5,190,1
291.5,61.5,261.5,-10.5,190,0
79.5,273.5,473.5,-10.5,190,0
258.5,94.5,294.5,-10.5,190,0
431.0,78.0,122.0,-10.5,190,0
125.5,227.5,427.5,-10.5,190,0
375.0,22.0,178.0,-10.5,185,0
288.0,65.0,265.0,-10.5,185,0
222.5,130.5,330.5,-10.5,185,0
480.0,127.0,73.0,-10.5,185,1
87.5,265.5,465.5,-10.5,185,0
295.0,58.0,258.0,-10.5,185,0
480.0,127.0,73.0,-10.5,185,0
507.0,154.0,46.0,-10.5,185,0
420.0,67.0,133.0,-10.5,185,0
192.5,160.5,360.5,-10.5,185,0
216.5,136.5,336.5,-10.5,185,0
426.0,73.0,127.0,-10.5,185,0
307.5,45.5,245.5,-10.5,185,0
59.5,293.5,493.5,-10.5,185,0
270.5,82.5,282.5,-10.5,185,0
411.0,58.0,142.0,-10.5,185,0
141.5,211.5,411.5,-10.5,185,0
358.0,5.0,195.0,-10.5,180,0
277.0,76.0,276.0,-10.5,180,0
238.5,114.5,314.5,-10.5,180,0
469.0,116.0,84.0,-10.5,180,0
103.5,249.5,449.5,-10.5,180,0
311.0,42.0,242.0,-10.5,180,0
496.0,143.0,57.0,-10.5,180,1
523.0,170.0,30.0,-10.5,180,1
400.0,47.0,153.0,-10.5,180,0
192.5,160.5,360.5,-10.5,180,0
196.5,156.5,356.5,-10.5,180,0
409.0,56.0,144.0,-10.5,180,0
323.5,29.5,229.5,-10.5,180,0
42.5,310.5,510.5,-10.5,180,0
286.5,66.5,266.5,-10.5,180,0
391.0,38.0,162.0,-10.5,180,0
157.5,195.5,395.5,-10.5,180,0
347.0,6.0,206.0,-10.5,175,0
277.0,76.0,276.0,-10.5,175,0
254.5,98.5,298.5,-10.5,175,1
452.0,99.0,101.0,-10.5,175,0
119.5,233.5,433.5,-10.5,175,0
327.0,26.0,226.0,-10.5,175,0
485.0,132.0,68.0,-10.5,175,1
512.0,159.0,41.0,-10.5,175,0
380.0,27.0,173.0,-10.5,175,0
204.5,148.5,348.5,-10.5,175,0
176.5,176.5,376.5,-10.5,175,0
389.0,36.0,164.0,-10.5,175,0
339.5,13.5,213.5,-10.5,175,0
31.5,321.5,521.5,-10.5,175,0
302.5,50.5,250.5,-10.5,175,0
374.0,21.0,179.0,-10.5,175,0
173.5,179.5,379.5,-10.5,175,0
347.0,6.0,206.0,-10.5,170,0
289.0,64.0,264.0,-10.5,170,0
243.5,109.5,309.5,-10.5,170,1
432.0,79.0,121.0,-10.5,170,0
135.5,217.5,417.5,-10.5,170,0
343.0,10.0,210.0,-10.5,170,0
474.0,121.0,79.0,-10.5,170,0
495.0,142.0,58.0,-10.5,170,0
363.0,10.0,190.0,-10.5,170,0
220.5,132.5,332.5,-10.5,170,0
159.5,193.5,393.5,-10.5,170,0
369.0,16.0,184.0,-10.5,170,0
355.5,2.5,197.5,-10.5,170,1
31.5,321.5,521.5,-10.5,170,0
318.5,34.5,234.5,-10.5,170,0
363.0,10.0,190.0,-10.5,170,0
189.5,163.5,363.5,-10.5,170,0
359.0,6.0,194.0,-10.5,165,0
305.0,48.0,248.0,-10.5,165,0
232.5,120.5,320.5,-10.5,165,0
412.0,59.0,141.0,-10.5,165,0
151.5,201.5,401.5,-10.5,165,0
359.0,6.0,194.0,-10.5,165,0
457.0,104.0,96.0,-10.5,165,0
475.0,122.0,78.0,-10.5,165,0
352.0,1.0,201.0,-10.5,165,0
236.5,116.5,316.5,-10.5,165,0
148.5,204.5,404.5,-10.5,165,0
352.0,1.0,201.0,-10.5,165,0
344.5,8.5,208.5,-10.5,165,1
43.5,309.5,509.5,-10.5,165,0
334.5,18.5,218.5,-10.5,165,0
363.0,10.0,190.0,-10.5,165,0
205.5,147.5,347.5,-10.5,165,1
375.0,22.0,178.0,-10.5,160,0
321.0,32.0,232.0,-10.5,160,0
215.5,137.5,337.5,-10.5,160,0
395.0,42.0,158.0,-10.5,160,0
167.5,185.5,385.5,-10.5,160,0
375.0,22.0,178.0,-10.5,160,1
437.0,84.0,116.0,-10.5,160,0
455.0,102.0,98.0,-10.5,160,0
352.0,1.0,201.0,-10.5,160,0
252.5,100.5,300.5,-10.5,160,0
148.5,204.5,404.5,-10.5,160,0
341.0,12.0,212.0,-10.5,160,0
333.5,19.5,219.5,-10.5,160,0
59.5,293.5,493.5,-10.5,160,0
350.5,2.5,202.5,-10.5,160,0
375.0,22.0,178.0,-10.5,160,0
194.5,158.5,358.5,-10.5,160,1
391.0,38.0,162.0,-10.5,155,0
337.0,16.0,216.0,-10.5,155,0
195.5,157.5,357.5,-10.5,155,0
384.0,31.0,169.0,-10.5,155,0
183.5,169.5,369.5,-10.5,155,1
364.0,11.0,189.0,-10.5,155,1
417.0,64.0,136.0,-10.5,155,0
438.0,85.0,115.0,-10.5,155,0
364.0,11.0,189.0,-10.5,155,0
268.5,84.5,284.5,-10.5,155,0
160.5,192.5,392.5,-10.5,155,0
341.0,12.0,212.0,-10.5,155,0
316.5,36.5,236.5,-10.5,155,0
75.5,277.5,477.5,-10.5,155,0
366.5,13.5,186.5,-10.5,155,1
391.0,38.0,162.0,-10.5,155,0
183.5,169.5,369.5,-10.5,155,0
407.0,54.0,146.0,-10.5,150,0
353.0,0.0,200.0,-10.5,150,0
175.5,177.5,377.5,-10.5,150,0
384.0,31.0,169.0,-10.5,150,0
172.5,180.5,380.5,-10.5,150,1
353.0,0.0,200.0,-10.5,150,0
400.0,47.0,153.0,-10.5,150,0
427.0,74.0,126.0,-10.5,150,0
380.0,27.0,173.0,-10.5,150,0
284.5,68.5,268.5,-10.5,150,0
176.5,176.5,376.5,-10.5,150,0
353.0,0.0,200.0,-10.5,150,0
296.5,56.5,256.5,-10.5,150,0
91.5,261.5,461.5,-10.5,150,0
355.5,2.5,197.5,-10.5,150,1
407.0,54.0,146.0,-10.5,150,0
166.5,186.5,386.5,-10.5,150,0
423.0,70.0,130.0,-10.5,145,0
369.0,16.0,184.0,-10.5,145,0
158.5,194.5,394.5,-10.5,145,0
396.0,43.0,157.0,-10.5,145,0
161.5,191.5,391.5,-10.5,145,0
336.0,17.0,217.0,-10.5,145,0
389.0,36.0,164.0,-10.5,145,0
427.0,74.0,126.0,-10.5,145,0
396.0,43.0,157.0,-10.5,145,0
300.5,52.5,252.5,-10.5,145,1
192.5,160.5,360.5,-10.5,145,0
369.0,16.0,184.0,-10.5,145,0
276.5,76.5,276.5,-10.5,145,0
107.5,245.5,445.5,-10.5,145,0
344.5,8.5,208.5,-10.5,145,0
423.0,70.0,130.0,-10.5,145,0
146.5,206.5,406.5,-10.5,145,0
439.0,86.0,114.0,-10.5,140,0
385.0,32.0,168.0,-10.5,140,1
147.5,205.5,405.5,-10.5,140,0
412.0,59.0,141.0,-10.5,140,0
144.5,208.5,408.5,-10.5,140,0
316.0,37.0,237.0,-10.5,140,0
389.0,36.0,164.0,-10.5,140,0
439.0,86.0,114.0,-10.5,140,0
412.0,59.0,141.0,-10.5,140,0
289.5,63.5,263.5,-10.5,140,1
208.5,144.5,344.5,-10.5,140,0
385.0,32.0,168.0,-10.5,140,0
259.5,93.5,293.5,-10.5,140,0
123.5,229.5,429.5,-10.5,140,0
327.5,25.5,225.5,-10.5,140,0
439.0,86.0,114.0,-10.5,140,0
126.5,226.5,426.5,-10.5,140,0
455.0,102.0,98.0,-10.5,135,1
374.0,21.0,179.0,-10.5,135,1
147.5,205.5,405.5,-10.5,135,0
428.0,75.0,125.0,-10.5,135,0
124.5,228.5,428.5,-10.5,135,0
296.0,57.0,257.0,-10.5,135,0
401.0,48.0,152.0,-10.5,135,0
455.0,102.0,98.0,-10.5,135,0
428.0,75.0,125.0,-10.5,135,0
278.5,74.5,274.5,-10.5,135,0
224.5,128.5,328.5,-10.5,135,0
401.0,48.0,152.0,-10.5,135,0
248.5,104.5,304.5,-10.5,135,0
139.5,213.5,413.5,-10.5,135,1
307.5,45.5,245.5,-10.5,135,0
455.0,102.0,98.0,-10.5,135,0
109.5,243.5,443.5,-10.5,135,0
444.0,91.0,109.0,-10.5,130,1
363.0,10.0,190.0,-10.5,130,0
159.5,193.5,393.5,-10.5,130,0
444.0,91.0,109.0,-10.5,130,0
104.5,248.5,448.5,-10.5,130,0
279.0,74.0,274.0,-10.5,130,0
417.0,64.0,136.0,-10.5,130,0
471.0,118.0,82.0,-10.5,130,0
444.0,91.0,109.0,-10.5,130,0
261.5,91.5,291.5,-10.5,130,0
240.5,112.5,312.5,-10.5,130,0
417.0,64.0,136.0,-10.5,130,0
248.5,104.5,304.5,-10.5,130,0
128.5,224.5,424.5,-10.5,130,1
287.5,65.5,265.5,-10.5,130,0
471.0,118.0,82.0,-10.5,130,1
98.5,254.5,454.5,-10.5,130,0
433.0,80.0,120.0,-10.5,125,0
346.0,7.0,207.0,-10.5,125,0
175.5,177.5,377.5,-10.5,125,0
460.0,107.0,93.0,-10.5,125,0
87.5,265.5,465.5,-10.5,125,0
268.0,85.0,285.0,-10.5,125,0
433.0,80.0,120.0,-10.5,125,0
487.0,134.0,66.0,-10.5,125,0
460.0,107.0,93.0,-10.5,125,1
241.5,111.5,311.5,-10.5,125,0
256.5,96.5,296.5,-10.5,125,1
433.0,80.0,120.0,-10.5,125,0
260.5,92.5,292.5,-10.5,125,0
117.5,235.5,435.5,-10.5,125,0
270.5,82.5,282.5,-10.5,125,0
460.0,107.0,93.0,-10.5,125,1
98.5,254.5,454.5,-10.5,125,0
416.0,63.0,137.0,-10.5,120,0
326.0,27.0,227.0,-10.5,120,0
191.5,161.5,361.5,-10.5,120,0
476.0,123.0,77.0,-10.5,120,0
76.5,276.5,476.5,-10.5,120,0
268.0,85.0,285.0,-10.5,120,0
449.0,96.0,104.0,-10.5,120,0
503.0,150.0,50.0,-10.5,120,0
449.0,96.0,104.0,-10.5,120,1
221.5,131.5,331.5,-10.5,120,0
245.5,107.5,307.5,-10.5,120,1
449.0,96.0,104.0,-10.5,120,1
276.5,76.5,276.5,-10.5,120,0
100.5,252.5,452.5,-10.5,120,0
259.5,93.5,293.5,-10.5,120,0
449.0,96.0,104.0,-10.5,120,0
110.5,242.5,442.5,-10.5,120,0
396.0,43.0,157.0,-10.5,115,0
306.0,47.0,247.0,-10.5,115,0
207.5,145.5,345.5,-10.5,115,0
492.0,139.0,61.0,-10.5,115,1
76.5,276.5,476.5,-10.5,115,0
280.0,73.0,273.0,-10.5,115,0
465.0,112.0,88.0,-10.5,115,0
519.0,166.0,34.0,-10.5,115,0
438.0,85.0,115.0,-10.5,115,0
204.5,148.5,348.5,-10.5,115,0
234.5,118.5,318.5,-10.5,115,0
438.0,85.0,115.0,-10.5,115,1
292.5,60.5,260.5,-10.5,115,0
80.5,272.5,472.5,-10.5,115,0
259.5,93.5,293.5,-10.5,115,0
432.0,79.0,121.0,-10.5,115,0
126.5,226.5,426.5,-10.5,115,0
376.0,23.0,177.0,-10.5,110,0
289.0,64.0,264.0,-10.5,110,0
223.5,129.5,329.5,-10.5,110,0
481.0,128.0,72.0,-10.5,110,1
88.5,264.5,464.5,-10.5,110,0
296.0,57.0,257.0,-10.5,110,0
481.0,128.0,72.0,-10.5,110,0
535.0,182.0,18.0,-10.5,110,1
421.0,68.0,132.0,-10.5,110,0
193.5,159.5,359.5,-10.5,110,0
217.5,135.5,335.5,-10.5,110,0
427.0,74.0,126.0,-10.5,110,0
308.5,44.5,244.5,-10.5,110,0
60.5,292.5,492.5,-10.5,110,0
271.5,81.5,281.5,-10.5,110,0
412.0,59.0,141.0,-10.5,110,0
142.5,210.5,410.5,-10.5,110,0
359.0,6.0,194.0,-10.5,105,0
278.0,75.0,275.0,-10.5,105,0
239.5,113.5,313.5,-10.5,105,0
470.0,117.0,83.0,-10.5,105,0
104.5,248.5,448.5,-10.5,105,0
312.0,41.0,241.0,-10.5,105,0
497.0,144.0,56.0,-10.5,105,1
524.0,171.0,29.0,-10.5,105,1
401.0,48.0,152.0,-10.5,105,0
193.5,159.5,359.5,-10.5,105,0
197.5,155.5,355.5,-10.5,105,0
410.0,57.0,143.0,-10.5,105,0
324.5,28.5,228.5,-10.5,105,0
43.5,309.5,509.5,-10.5,105,0
287.5,65.5,265.5,-10.5,105,0
392.0,39.0,161.0,-10.5,105,0
158.5,194.5,394.5,-10.5,105,0
348.0,5.0,205.0,-10.5,100,0
278.0,75.0,275.0,-10.5,100,0
255.5,97.5,297.5,-10.5,100,1
453.0,100.0,100.0,-10.5,100,0
120.5,232.5,432.5,-10.5,100,0
328.0,25.0,225.0,-10.5,100,0
486.0,133.0,67.0,-10.5,100,1
513.0,160.0,40.0,-10.5,100,0
381.0,28.0,172.0,-10.5,100,0
205.5,147.5,347.5,-10.5,100,0
177.5,175.5,375.5,-10.5,100,0
390.0,37.0,163.0,-10.5,100,0
340.5,12.5,212.5,-10.5,100,0
32.5,320.5,520.5,-10.5,100,0
303.5,49.5,249.5,-10.5,100,0
375.0,22.0,178.0,-10.5,100,0
174.5,178.5,378.5,-10.5,100,0
348.0,5.0,205.0,-10.5,95,0
290.0,63.0,263.0,-10.5,95,0
244.5,108.5,308.5,-10.5,95,1
433.0,80.0,120.0,-10.5,95,0
136.5,216.5,416.5,-10.5,95,0
344.0,9.0,209.0,-10.5,95,0
475.0,122.0,78.0,-10.5,95,0
496.0,143.0,57.0,-10.5,95,0
364.0,11.0,189.0,-10.5,95,0
221.5,131.5,331.5,-10.5,95,0
160.5,192.5,392.5,-10.5,95,0
370.0,17.0,183.0,-10.5,95,0
356.5,3.5,196.5,-10.5,95,1
32.5,320.5,520.5,-10.5,95,0
319.5,33.5,233.5,-10.5,95,0
364.0,11.0,189.0,-10.5,95,0
190.5,162.5,362.5,-10.5,95,1
360.0,7.0,193.0,-10.5,90,0
306.0,47.0,247.0,-10.5,90,0
233.5,119.5,319.5,-10.5,90,0
413.0,60.0,140.0,-10.5,90,0
152.5,200.5,400.5,-10.5,90,0
360.0,7.0,193.0,-10.5,90,0
458.0,105.0,95.0,-10.5,90,0
476.0,123.0,77.0,-10.5,90,0
353.0,0.0,200.0,-10.5,90,0
237.5,115.5,315.5,-10.5,90,0
149.5,203.5,403.5,-10.5,90,0
353.0,0.0,200.0,-10.5,90,0
345.5,7.5,207.5,-10.5,90,1
44.5,308.5,508.5,-10.5,90,0
335.5,17.5,217.5,-10.5,90,0
364.0,11.0,189.0,-10.5,90,0
179.5,173.5,373.5,-10.5,90,0
376.0,23.0,177.0,-10.5,85,0
322.0,31.0,231.0,-10.5,85,0
216.5,136.5,336.5,-10.5,85,0
396.0,43.0,157.0,-10.5,85,0
168.5,184.5,384.5,-10.5,85,0
376.0,23.0,177.0,-10.5,85,1
438.0,85.0,115.0,-10.5,85,0
456.0,103.0,97.0,-10.5,85,0
353.0,0.0,200.0,-10.5,85,0
253.5,99.5,299.5,-10.5,85,0
149.5,203.5,403.5,-10.5,85,0
342.0,11.0,211.0,-10.5,85,0
334.5,18.5,218.5,-10.5,85,0
60.5,292.5,492.5,-10.5,85,0
351.5,1.5,201.5,-10.5,85,0
376.0,23.0,177.0,-10.5,85,0
162.5,190.5,390.5,-10.5,85,0
392.0,39.0,161.0,-10.5,80,0
338.0,15.0,215.0,-10.5,80,0
196.5,156.5,356.5,-10.5,80,0
385.0,32.0,168.0,-10.5,80,0
184.5,168.5,368.5,-10.5,80,1
365.0,12.0,188.0,-10.5,80,1
418.0,65.0,135.0,-10.5,80,0
439.0,86.0,114.0,-10.5,80,0
365.0,12.0,188.0,-10.5,80,0
269.5,83.5,283.5,-10.5,80,0
161.5,191.5,391.5,-10.5,80,0
342.0,11.0,211.0,-10.5,80,0
317.5,35.5,235.5,-10.5,80,0
76.5,276.5,476.5,-10.5,80,0
367.5,14.5,185.5,-10.5,80,1
392.0,39.0,161.0,-10.5,80,0
142.5,210.5,410.5,-10.5,80,0
408.0,55.0,145.0,-10.5,75,0
354.0,1.0,199.0,-10.5,75,0
176.5,176.5,376.5,-10.5,75,0
385.0,32.0,168.0,-10.5,75,0
173.5,179.5,379.5,-10.5,75,1
354.0,1.0,199.0,-10.5,75,0
401.0,48.0,152.0,-10.5,75,0
428.0,75.0,125.0,-10.5,75,0
381.0,28.0,172.0,-10.5,75,0
285.5,67.5,267.5,-10.5,75,0
177.5,175.5,375.5,-10.5,75,0
354.0,1.0,199.0,-10.5,75,0
297.5,55.5,255.5,-10.5,75,0
92.5,260.5,460.5,-10.5,75,0
356.5,3.5,196.5,-10.5,75,1
408.0,55.0,145.0,-10.5,75,0
122.5,230.5,430.5,-10.5,75,0
424.0,71.0,129.0,-10.5,70,0
370.0,17.0,183.0,-10.5,70,0
159.5,193.5,393.5,-10.5,70,0
397.0,44.0,156.0,-10.5,70,0
162.5,190.5,390.5,-10.5,70,0
337.0,16.0,216.0,-10.5,70,0
390.0,37.0,163.0,-10.5,70,0
428.0,75.0,125.0,-10.5,70,0
397.0,44.0,156.0,-10.5,70,0
301.5,51.5,251.5,-10.5,70,1
193.5,159.5,359.5,-10.5,70,0
370.0,17.0,183.0,-10.5,70,0
277.5,75.5,275.5,-10.5,70,0
108.5,244.5,444.5,-10.5,70,0
345.5,7.5,207.5,-10.5,70,0
424.0,71.0,129.0,-10.5,70,0
105.5,247.5,447.5,-10.5,70,0
440.0,87.0,113.0,-10.5,65,0
386.0,33.0,167.0,-10.5,65,1
148.5,204.5,404.5,-10.5,65,0
413.0,60.0,140.0,-10.5,65,0
145.5,207.5,407.5,-10.5,65,0
317.0,36.0,236.0,-10.5,65,0
390.0,37.0,163.0,-10.5,65,0
440.0,87.0,113.0,-10.5,65,0
413.0,60.0,140.0,-10.5,65,0
290.5,62.5,262.5,-10.5,65,1
209.5,143.5,343.5,-10.5,65,0
386.0,33.0,167.0,-10.5,65,0
260.5,92.5,292.5,-10.5,65,0
124.5,228.5,428.5,-10.5,65,1
328.5,24.5,224.5,-10.5,65,0
440.0,87.0,113.0,-10.5,65,0
94.5,258.5,458.5,-10.5,65,0
456.0,103.0,97.0,-10.5,60,1
375.0,22.0,178.0,-10.5,60,1
148.5,204.5,404.5,-10.5,60,0
429.0,76.0,124.0,-10.5,60,0
125.5,227.5,427.5,-10.5,60,0
297.0,56.0,256.0,-10.5,60,0
402.0,49.0,151.0,-10.5,60,0
456.0,103.0,97.0,-10.5,60,0
429.0,76.0,124.0,-10.5,60,0
279.5,73.5,273.5,-10.5,60,0
225.5,127.5,327.5,-10.5,60,0
402.0,49.0,151.0,-10.5,60,0
249.5,103.5,303.5,-10.5,60,0
113.5,239.5,439.5,-10.5,60,0
308.5,44.5,244.5,-10.5,60,0
456.0,103.0,97.0,-10.5,60,0
94.5,258.5,458.5,-10.5,60,0
445.0,92.0,108.0,-10.5,55,1
364.0,11.0,189.0,-10.5,55,0
160.5,192.5,392.5,-10.5,55,0
445.0,92.0,108.0,-10.5,55,0
105.5,247.5,447.5,-10.5,55,0
280.0,73.0,273.0,-10.5,55,0
418.0,65.0,135.0,-10.5,55,0
472.0,119.0,81.0,-10.5,55,0
445.0,92.0,108.0,-10.5,55,1
262.5,90.5,290.5,-10.5,55,0
241.5,111.5,311.5,-10.5,55,0
418.0,65.0,135.0,-10.5,55,0
249.5,103.5,303.5,-10.5,55,0
96.5,256.5,456.5,-10.5,55,0
288.5,64.5,264.5,-10.5,55,0
472.0,119.0,81.0,-10.5,55,1
106.5,246.5,446.5,-10.5,55,0
434.0,81.0,119.0,-10.5,50,0
347.0,6.0,206.0,-10.5,50,0
176.5,176.5,376.5,-10.5,50,0
461.0,108.0,92.0,-10.5,50,0
88.5,264.5,464.5,-10.5,50,0
269.0,84.0,284.0,-10.5,50,0
434.0,81.0,119.0,-10.5,50,0
488.0,135.0,65.0,-10.5,50,0
434.0,81.0,119.0,-10.5,50,0
242.5,110.5,310.5,-10.5,50,0
257.5,95.5,295.5,-10.5,50,1
434.0,81.0,119.0,-10.5,50,0
261.5,91.5,291.5,-10.5,50,0
76.5,276.5,476.5,-10.5,50,0
271.5,81.5,281.5,-10.5,50,0
461.0,108.0,92.0,-10.5,50,1
122.5,230.5,430.5,-10.5,50,0
417.0,64.0,136.0,-10.5,45,0
327.0,26.0,226.0,-10.5,45,0
192.5,160.5,360.5,-10.5,45,0
477.0,124.0,76.0,-10.5,45,0
77.5,275.5,475.5,-10.5,45,0
269.0,84.0,284.0,-10.5,45,0
450.0,97.0,103.0,-10.5,45,0
504.0,151.0,49.0,-10.5,45,0
417.0,64.0,136.0,-10.5,45,0
222.5,130.5,330.5,-10.5,45,0
246.5,106.5,306.5,-10.5,45,1
450.0,97.0,103.0,-10.5,45,1
277.5,75.5,275.5,-10.5,45,0
56.5,296.5,496.5,-10.5,45,0
260.5,92.5,292.5,-10.5,45,0
450.0,97.0,103.0,-10.5,45,0
138.5,214.5,414.5,-10.5,45,0
397.0,44.0,156.0,-10.5,40,0
307.0,46.0,246.0,-10.5,40,0
208.5,144.5,344.5,-10.5,40,0
493.0,140.0,60.0,-10.5,40,1
77.5,275.5,475.5,-10.5,40,0
281.0,72.0,272.0,-10.5,40,0
466.0,113.0,87.0,-10.5,40,0
520.0,167.0,33.0,-10.5,40,0
397.0,44.0,156.0,-10.5,40,0
205.5,147.5,347.5,-10.5,40,0
235.5,117.5,317.5,-10.5,40,0
439.0,86.0,114.0,-10.5,40,1
293.5,59.5,259.5,-10.5,40,0
39.5,313.5,513.5,-10.5,40,0
260.5,92.5,292.5,-10.5,40,0
433.0,80.0,120.0,-10.5,40,0
154.5,198.5,398.5,-10.5,40,0
377.0,24.0,176.0,-10.5,35,0
290.0,63.0,263.0,-10.5,35,0
224.5,128.5,328.5,-10.5,35,0
482.0,129.0,71.0,-10.5,35,1
89.5,263.5,463.5,-10.5,35,0
297.0,56.0,256.0,-10.5,35,0
482.0,129.0,71.0,-10.5,35,1
536.0,183.0,17.0,-10.5,35,1
377.0,24.0,176.0,-10.5,35,0
194.5,158.5,358.5,-10.5,35,0
218.5,134.5,334.5,-10.5,35,0
428.0,75.0,125.0,-10.5,35,0
309.5,43.5,243.5,-10.5,35,0
28.5,324.5,524.5,-10.5,35,0
272.5,80.5,280.5,-10.5,35,0
413.0,60.0,140.0,-10.5,35,0
170.5,182.5,382.5,-10.5,35,0
360.0,7.0,193.0,-10.5,30,0
471.0,118.0,82.0,-10.5,30,0
471.0,118.0,82.0,-10.5,30,0
360.0,7.0,193.0,-10.5,30,0
411.0,58.0,142.0,-10.5,30,0
393.0,40.0,160.0,-10.5,30,0
349.0,4.0,204.0,-10.5,25,0
454.0,101.0,99.0,-10.5,25,0
454.0,101.0,99.0,-10.5,25,0
349.0,4.0,204.0,-10.5,25,0
391.0,38.0,162.0,-10.5,25,0
376.0,23.0,177.0,-10.5,25,0
434.0,81.0,119.0,-10.5,20,0
434.0,81.0,119.0,-10.5,20,0
371.0,18.0,182.0,-10.5,20,0
365.0,12.0,188.0,-10.5,20,0
414.0,61.0,139.0,-10.5,15,0
414.0,61.0,139.0,-10.5,15,0
354.0,1.0,199.0,-10.5,15,0
365.0,12.0,188.0,-10.5,15,0
397.0,44.0,156.0,-10.5,10,0
397.0,44.0,156.0,-10.5,10,0
343.0,10.0,210.0,-10.5,10,0
377.0,24.0,176.0,-10.5,10,0
386.0,33.0,167.0,-10.5,5,0
386.0,33.0,167.0,-10.5,5,0
393.0,40.0,160.0,-10.5,5,0
386.0,33.0,167.0,-10.5,0,0
386.0,33.0,167.0,-10.5,0,0
409.0,56.0,144.0,-10.5,0,0
398.0,45.0,155.0,-10.5,-5,0
414.0,61.0,139.0,-10.5,-10,0
430.0,77.0,123.0,-10.5,-15,0
446.0,93.0,107.0,-10.5,-20,0
462.0,109.0,91.0,-10.5,-25,0
478.0,125.0,75.0,-10.5,-30,0
494.0,141.0,59.0,-10.5,-35,1
483.0,130.0,70.0,-10.5,-40,1
472.0,119.0,81.0,-10.5,-45,0
455.0,102.0,98.0,-10.5,-50,0
435.0,305.0,105.0,-10.5,320,1
424.0,294.0,94.0,-10.5,315,1
413.0,283.0,83.0,-10.5,310,1
402.0,272.0,72.0,-10.5,305,1
391.0,261.0,61.0,-10.5,300,1
380.0,250.0,50.0,-10.5,295,1
369.0,239.0,39.0,-10.5,290,1
358.0,228.0,28.0,-10.5,285,1
347.0,217.0,17.0,-10.5,280,1
336.0,206.0,6.0,-10.5,275,1
325.0,195.0,5.0,-10.5,270,1
314.0,184.0,16.0,-10.5,265,1
303.0,173.0,27.0,-10.5,260,1
292.0,162.0,38.0,-10.5,255,1
281.0,151.0,49.0,-10.5,250,1
270.0,140.0,60.0,-10.5,245,1
259.0,129.0,71.0,-10.5,240,1
248.0,118.0,82.0,-10.5,235,1
237.0,107.0,93.0,-10.5,230,1
226.0,96.0,104.0,-10.5,225,0
209.0,79.0,121.0,-10.5,220,0
189.0,59.0,141.0,-10.5,215,0
169.0,39.0,161.0,-10.5,210,0
152.0,22.0,178.0,-10.5,205,0
141.0,11.0,189.0,-10.5,200,0
141.0,11.0,189.0,-10.5,195,0
153.0,23.0,177.0,-10.5,190,0
169.0,39.0,161.0,-10.5,185,0
185.0,55.0,145.0,-10.5,180,0
201.0,71.0,129.0,-10.5,175,0
217.0,87.0,113.0,-10.5,170,0
233.0,103.0,97.0,-10.5,165,0
249.0,119.0,81.0,-10.5,160,1
238.0,108.0,92.0,-10.5,155,1
227.0,97.0,103.0,-10.5,150,0
210.0,80.0,120.0,-10.5,145,0
190.0,60.0,140.0,-10.5,140,0
170.0,40.0,160.0,-10.5,135,0
153.0,23.0,177.0,-10.5,130,0
142.0,12.0,188.0,-10.5,125,0
142.0,12.0,188.0,-10.5,120,0
154.0,24.0,176.0,-10.5,115,0
170.0,40.0,160.0,-10.5,110,0
186.0,56.0,144.0,-10.5,105,0
202.0,72.0,128.0,-10.5,100,0
218.0,88.0,112.0,-10.5,95,0
234.0,104.0,96.0,-10.5,90,0
250.0,120.0,80.0,-10.5,85,1
239.0,109.0,91.0,-10.5,80,1
228.0,98.0,102.0,-10.5,75,0
211.0,81.0,119.0,-10.5,70,0
191.0,61.0,139.0,-10.5,65,0
171.0,41.0,159.0,-10.5,60,0
154.0,24.0,176.0,-10.5,55,0
143.0,13.0,187.0,-10.5,50,0
143.0,13.0,187.0,-10.5,45,0
155.0,25.0,175.0,-10.5,40,0
171.0,41.0,159.0,-10.5,35,0
187.0,57.0,143.0,-10.5,30,0
203.0,73.0,127.0,-10.5,25,0
219.0,89.0,111.0,-10.5,20,0
235.0,105.0,95.0,-10.5,15,0
251.0,121.0,79.0,-10.5,10,1
240.0,110.0,90.0,-10.5,5,1
229.0,99.0,101.0,-10.5,0,0
212.0,82.0,118.0,-10.5,-5,0
192.0,62.0,138.0,-10.5,-10,0
172.0,42.0,158.0,-10.5,-15,0
155.0,25.0,175.0,-10.5,-20,0
144.0,14.0,186.0,-10.5,-25,0
144.0,14.0,186.0,-10.5,-30,0
156.0,26.0,174.0,-10.5,-35,0
172.0,42.0,158.0,-10.5,-40,0
188.0,58.0,142.0,-10.5,-45,0
204.0,74.0,126.0,-10.5,-50,0
220.0,234.0,434.0,-10.5,320,0
236.0,218.0,418.0,-10.5,315,0
252.0,202.0,402.0,-10.5,310,0
268.0,186.0,386.0,-10.5,305,0
284.0,170.0,370.0,-10.5,300,0
300.0,154.0,354.0,-10.5,295,0
316.0,138.0,338.0,-10.5,290,0
332.0,122.0,322.0,-10.5,285,0
348.0,106.0,306.0,-10.5,280,0
364.0,90.0,290.0,-10.5,275,0
380.0,74.0,274.0,-10.5,270,0
396.0,58.0,258.0,-10.5,265,0
412.0,42.0,242.0,-10.5,260,0
428.0,26.0,226.0,-10.5,255,0
444.0,10.0,210.0,-10.5,250,0
460.0,6.0,194.0,-10.5,245,0
476.0,22.0,178.0,-10.5,240,0
492.0,38.0,162.0,-10.5,235,0
508.0,54.0,146.0,-10.5,230,0
524.0,70.0,130.0,-10.5,225,0
540.0,86.0,114.0,-10.5,220,0
556.0,102.0,98.0,-10.5,215,0
572.0,118.0,82.0,-10.5,210,0
588.0,134.0,66.0,-10.5,205,0
604.0,150.0,50.0,-10.5,200,1
593.0,139.0,61.0,-10.5,195,1
582.0,128.0,72.0,-10.5,190,0
565.0,111.0,89.0,-10.5,185,0
545.0,91.0,109.0,-10.5,180,0
525.0,71.0,129.0,-10.5,175,0
508.0,54.0,146.0,-10.5,170,0
497.0,43.0,157.0,-10.5,165,0
497.0,43.0,157.0,-10.5,160,0
509.0,55.0,145.0,-10.5,155,0
525.0,71.0,129.0,-10.5,150,0
541.0,87.0,113.0,-10.5,145,0
557.0,103.0,97.0,-10.5,140,0
573.0,119.0,81.0,-10.5,135,0
589.0,135.0,65.0,-10.5,130,0
605.0,151.0,49.0,-10.5,125,1
594.0,140.0,60.0,-10.5,120,1
583.0,129.0,71.0,-10.5,115,0
566.0,112.0,88.0,-10.5,110,0
546.0,92.0,108.0,-10.5,105,0
526.0,72.0,128.0,-10.5,100,0
509.0,55.0,145.0,-10.5,95,0
498.0,44.0,156.0,-10.5,90,0
498.0,44.0,156.0,-10.5,85,0
510.0,56.0,144.0,-10.5,80,0
526.0,72.0,128.0,-10.5,75,0
542.0,88.0,112.0,-10.5,70,0
558.0,104.0,96.0,-10.5,65,0
574.0,120.0,80.0,-10.5,60,0
590.0,136.0,64.0,-10.5,55,0
606.0,152.0,48.0,-10.5,50,1
595.0,141.0,59.0,-10.5,45,1
584.0,130.0,70.0,-10.5,40,0
567.0,113.0,87.0,-10.5,35,0
547.0,93.0,107.0,-10.5,30,0
527.0,73.0,127.0,-10.5,25,0
510.0,56.0,144.0,-10.5,20,0
499.0,45.0,155.0,-10.5,15,0
499.0,45.0,155.0,-10.5,10,0
511.0,57.0,143.0,-10.5,5,0
527.0,73.0,127.0,-10.5,0,0
543.0,89.0,111.0,-10.5,-5,0
559.0,105.0,95.0,-10.5,-10,0
575.0,121.0,79.0,-10.5,-15,0
591.0,137.0,63.0,-10.5,-20,1
580.0,126.0,74.0,-10.5,-25,0
563.0,109.0,91.0,-10.5,-30,0
543.0,89.0,111.0,-10.5,-35,0
523.0,69.0,131.0,-10.5,-40,0
506.0,52.0,148.0,-10.5,-45,0
495.0,41.0,159.0,-10.5,-50,0
495.0,46.0,154.0,-10.5,320,0
507.0,58.0,142.0,-10.5,315,0
523.0,74.0,126.0,-10.5,310,0
539.0,90.0,110.0,-10.5,305,0
555.0,106.0,94.0,-10.5,300,0
571.0,122.0,78.0,-10.5,295,0
587.0,138.0,62.0,-10.5,290,1
576.0,127.0,73.0,-10.5,285,0
559.0,110.0,90.0,-10.5,280,0
539.0,90.0,110.0,-10.5,275,0
519.0,70.0,130.0,-10.5,270,0
502.0,53.0,147.0,-10.5,265,0
491.0,42.0,158.0,-10.5,260,0
491.0,42.0,158.0,-10.5,255,0
503.0,54.0,146.0,-10.5,250,0
519.0,70.0,130.0,-10.5,245,0
535.0,86.0,114.0,-10.5,240,0
551.0,102.0,98.0,-10.5,235,0
567.0,118.0,82.0,-10.5,230,0
583.0,134.0,66.0,-10.5,225,0
599.0,150.0,50.0,-10.5,220,1
588.0,139.0,61.0,-10.5,215,1
577.0,128.0,72.0,-10.5,210,0
560.0,111.0,89.0,-10.5,205,0
540.0,91.0,109.0,-10.5,200,0
520.0,71.0,129.0,-10.5,195,0
503.0,54.0,146.0,-10.5,190,0
492.0,43.0,157.0,-10.5,185,0
492.0,43.0,157.0,-10.5,180,0
504.0,55.0,145.0,-10.5,175,0
520.0,71.0,129.0,-10.5,170,0
536.0,87.0,113.0,-10.5,165,0
552.0,103.0,97.0,-10.5,160,0
568.0,119.0,81.0,-10.5,155,0
584.0,135.0,65.0,-10.5,150,0
600.0,151.0,49.0,-10.5,145,1
589.0,140.0,60.0,-10.5,140,1
578.0,129.0,71.0,-10.5,135,0
561.0,112.0,88.0,-10.5,130,0
541.0,92.0,108.0,-10.5,125,0
521.0,72.0,128.0,-10.5,120,0
504.0,55.0,145.0,-10.5,115,0
493.0,44.0,156.0,-10.5,110,0
493.0,44.0,156.0,-10.5,105,0
505.0,56.0,144.0,-10.5,100,0
521.0,72.0,128.0,-10.5,95,0
537.0,88.0,112.0,-10.5,90,0
553.0,104.0,96.0,-10.5,85,0
569.0,120.0,80.0,-10.5,80,0
585.0,136.0,64.0,-10.5,75,1
574.0,125.0,75.0,-10.5,70,0
557.0,108.0,92.0,-10.5,65,0
537.0,88.0,112.0,-10.5,60,0
517.0,68.0,132.0,-10.5,55,0
500.0,51.0,149.0,-10.5,50,0
489.0,40.0,160.0,-10.5,45,0
489.0,40.0,160.0,-10.5,40,0
501.0,52.0,148.0,-10.5,35,0
517.0,68.0,132.0,-10.5,30,0
533.0,84.0,116.0,-10.5,25,0
549.0,100.0,100.0,-10.5,20,0
565.0,116.0,84.0,-10.5,15,0
581.0,132.0,68.0,-10.5,10,0
597.0,148.0,52.0,-10.5,5,1
586.0,137.0,63.0,-10.5,0,1
575.0,126.0,74.0,-10.5,-5,0
558.0,109.0,91.0,-10.5,-10,0
538.0,89.0,111.0,-10.5,-15,0
518.0,69.0,131.0,-10.5,-20,0
501.0,52.0,148.0,-10.5,-25,0
490.0,41.0,159.0,-10.5,-30,0
490.0,41.0,159.0,-10.5,-35,0
502.0,53.0,147.0,-10.5,-40,0
518.0,69.0,131.0,-10.5,-45,0
534.0,85.0,115.0,-10.5,-50,0
550.0,359.0,159.0,-10.5,320,1
539.0,348.0,148.0,-10.5,315,1
528.0,337.0,137.0,-10.5,310,1
517.0,326.0,126.0,-10.5,305,1
506.0,315.0,115.0,-10.5,300,1
495.0,304.0,104.0,-10.5,295,1
484.0,293.0,93.0,-10.5,290,1
473.0,282.0,82.0,-10.5,285,1
462.0,271.0,71.0,-10.5,280,1
451.0,260.0,60.0,-10.5,275,1
440.0,249.0,49.0,-10.5,270,1
429.0,238.0,38.0,-10.5,265,1
418.0,227.0,27.0,-10.5,260,1
407.0,216.0,16.0,-10.5,255,1
396.0,205.0,5.0,-10.5,250,1
385.0,194.0,6.0,-10.5,245,1
374.0,183.0,17.0,-10.5,240,1
363.0,172.0,28.0,-10.5,235,1
352.0,161.0,39.0,-10.5,230,1
341.0,150.0,50.0,-10.5,225,1
330.0,139.0,61.0,-10.5,220,1
319.0,128.0,72.0,-10.5,215,1
308.0,117.0,83.0,-10.5,210,1
297.0,106.0,94.0,-10.5,205,0
280.0,89.0,111.0,-10.5,200,0
260.0,69.0,131.0,-10.5,195,0
240.0,49.0,151.0,-10.5,190,0
223.0,32.0,168.0,-10.5,185,0
212.0,21.0,179.0,-10.5,180,0
212.0,21.0,179.0,-10.5,175,0
224.0,33.0,167.0,-10.5,170,0
240.0,49.0,151.0,-10.5,165,0
256.0,65.0,135.0,-10.5,160,0
272.0,81.0,119.0,-10.5,155,0
288.0,97.0,103.0,-10.5,150,0
304.0,113.0,87.0,-10.5,145,1
293.0,102.0,98.0,-10.5,140,0
276.0,85.0,115.0,-10.5,135,0
256.0,65.0,135.0,-10.5,130,0
236.0,45.0,155.0,-10.5,125,0
219.0,28.0,172.0,-10.5,120,0
208.0,17.0,183.0,-10.5,115,0
208.0,17.0,183.0,-10.5,110,0
220.0,29.0,171.0,-10.5,105,0
236.0,45.0,155.0,-10.5,100,0
252.0,61.0,139.0,-10.5,95,0
268.0,77.0,123.0,-10.5,90,0
284.0,93.0,107.0,-10.5,85,0
300.0,109.0,91.0,-10.5,80,0
316.0,125.0,75.0,-10.5,75,1
305.0,114.0,86.0,-10.5,70,1
294.0,103.0,97.0,-10.5,65,0
277.0,86.0,114.0,-10.5,60,0
257.0,66.0,134.0,-10.5,55,0
237.0,46.0,154.0,-10.5,50,0
220.0,29.0,171.0,-10.5,45,0
209.0,18.0,182.0,-10.5,40,0
209.0,18.0,182.0,-10.5,35,0
221.0,30.0,170.0,-10.5,30,0
237.0,46.0,154.0,-10.5,25,0
253.0,62.0,138.0,-10.5,20,0
269.0,78.0,122.0,-10.5,15,0
285.0,94.0,106.0,-10.5,10,0
301.0,110.0,90.0,-10.5,5,0
317.0,126.0,74.0,-10.5,0,1
306.0,115.0,85.0,-10.5,-5,1
295.0,104.0,96.0,-10.5,-10,0
278.0,87.0,113.0,-10.5,-15,0
258.0,67.0,133.0,-10.5,-20,0
238.0,47.0,153.0,-10.5,-25,0
221.0,30.0,170.0,-10.5,-30,0
210.0,19.0,181.0,-10.5,-35,0
210.0,19.0,181.0,-10.5,-40,0
222.0,31.0,169.0,-10.5,-45,0
238.0,47.0,153.0,-10.5,-50,0
254.0,82.0,282.0,-10.5,320,0
270.0,66.0,266.0,-10.5,315,0
286.0,50.0,250.0,-10.5,310,0
302.0,34.0,234.0,-10.5,305,0
318.0,18.0,218.0,-10.5,300,0
334.0,2.0,202.0,-10.5,295,0
350.0,14.0,186.0,-10.5,290,0
366.0,30.0,170.0,-10.5,285,0
382.0,46.0,154.0,-10.5,280,0
398.0,62.0,138.0,-10.5,275,0
414.0,78.0,122.0,-10.5,270,0
430.0,94.0,106.0,-10.5,265,0
446.0,110.0,90.0,-10.5,260,0
462.0,126.0,74.0,-10.5,255,1
451.0,115.0,85.0,-10.5,250,0
434.0,98.0,102.0,-10.5,245,0
414.0,78.0,122.0,-10.5,240,0
394.0,58.0,142.0,-10.5,235,0
377.0,41.0,159.0,-10.5,230,0
366.0,30.0,170.0,-10.5,225,0
366.0,30.0,170.0,-10.5,220,0
378.0,42.0,158.0,-10.5,215,0
394.0,58.0,142.0,-10.5,210,0
410.0,74.0,126.0,-10.5,205,0
426.0,90.0,110.0,-10.5,200,0
442.0,106.0,94.0,-10.5,195,0
458.0,122.0,78.0,-10.5,190,0
474.0,138.0,62.0,-10.5,185,1
463.0,127.0,73.0,-10.5,180,1
452.0,116.0,84.0,-10.5,175,0
435.0,99.0,101.0,-10.5,170,0
415.0,79.0,121.0,-10.5,165,0
395.0,59.0,141.0,-10.5,160,0
378.0,42.0,158.0,-10.5,155,0
367.0,31.0,169.0,-10.5,150,0
367.0,31.0,169.0,-10.5,145,0
379.0,43.0,157.0,-10.5,140,0
395.0,59.0,141.0,-10.5,135,0
411.0,75.0,125.0,-10.5,130,0
427.0,91.0,109.0,-10.5,125,0
443.0,107.0,93.0,-10.5,120,0
459.0,123.0,77.0,-10.5,115,0
475.0,139.0,61.0,-10.5,110,1
464.0,128.0,72.0,-10.5,105,1
453.0,117.0,83.0,-10.5,100,0
436.0,100.0,100.0,-10.5,95,0
416.0,80.0,120.0,-10.5,90,0
396.0,60.0,140.0,-10.5,85,0
379.0,43.0,157.0,-10.5,80,0
368.0,32.0,168.0,-10.5,75,0
368.0,32.0,168.0,-10.5,70,0
380.0,44.0,156.0,-10.5,65,0
396.0,60.0,140.0,-10.5,60,0
412.0,76.0,124.0,-10.5,55,0
428.0,92.0,108.0,-10.5,50,0
444.0,108.0,92.0,-10.5,45,0
460.0,124.0,76.0,-10.5,40,0
476.0,140.0,60.0,-10.5,35,1
465.0,129.0,71.0,-10.5,30,1
454.0,118.0,82.0,-10.5,25,0
437.0,101.0,99.0,-10.5,20,0
417.0,81.0,119.0,-10.5,15,0
397.0,61.0,139.0,-10.5,10,0
380.0,44.0,156.0,-10.5,5,0
369.0,33.0,167.0,-10.5,0,0
369.0,33.0,167.0,-10.5,-5,0
381.0,45.0,155.0,-10.5,-10,0
397.0,61.0,139.0,-10.5,-15,0
413.0,77.0,123.0,-10.5,-20,0
429.0,93.0,107.0,-10.5,-25,0
445.0,109.0,91.0,-10.5,-30,0
461.0,125.0,75.0,-10.5,-35,1
450.0,114.0,86.0,-10.5,-40,0
433.0,97.0,103.0,-10.5,-45,0
413.0,77.0,123.0,-10.5,-50,0
393.0,73.0,273.0,-10.5,320,0
376.0,90.0,290.0,-10.5,315,0
365.0,101.0,301.0,-10.5,310,0
365.0,101.0,301.0,-10.5,305,0
377.0,89.0,289.0,-10.5,300,0
393.0,73.0,273.0,-10.5,295,0
409.0,57.0,257.0,-10.5,290,0
425.0,41.0,241.0,-10.5,285,0
441.0,25.0,225.0,-10.5,280,0
457.0,9.0,209.0,-10.5,275,0
473.0,7.0,193.0,-10.5,270,0
489.0,23.0,177.0,-10.5,265,0
505.0,39.0,161.0,-10.5,260,0
521.0,55.0,145.0,-10.5,255,0
537.0,71.0,129.0,-10.5,250,0
553.0,87.0,113.0,-10.5,245,0
569.0,103.0,97.0,-10.5,240,0
585.0,119.0,81.0,-10.5,235,0
601.0,135.0,65.0,-10.5,230,0
617.0,151.0,49.0,-10.5,225,1
606.0,140.0,60.0,-10.5,220,1
595.0,129.0,71.0,-10.5,215,0
578.0,112.0,88.0,-10.5,210,0
558.0,92.0,108.0,-10.5,205,0
538.0,72.0,128.0,-10.5,200,0
521.0,55.0,145.0,-10.5,195,0
510.0,44.0,156.0,-10.5,190,0
510.0,44.0,156.0,-10.5,185,0
522.0,56.0,144.0,-10.5,180,0
538.0,72.0,128.0,-10.5,175,0
554.0,88.0,112.0,-10.5,170,0
570.0,104.0,96.0,-10.5,165,0
586.0,120.0,80.0,-10.5,160,0
602.0,136.0,64.0,-10.5,155,0
618.0,152.0,48.0,-10.5,150,1
607.0,141.0,59.0,-10.5,145,1
596.0,130.0,70.0,-10.5,140,0
579.0,113.0,87.0,-10.5,135,0
559.0,93.0,107.0,-10.5,130,0
539.0,73.0,127.0,-10.5,125,0
522.0,56.0,144.0,-10.5,120,0
511.0,45.0,155.0,-10.5,115,0
511.0,45.0,155.0,-10.5,110,0
523.0,57.0,143.0,-10.5,105,0
539.0,73.0,127.0,-10.5,100,0
555.0,89.0,111.0,-10.5,95,0
571.0,105.0,95.0,-10.5,90,0
587.0,121.0,79.0,-10.5,85,0
603.0,137.0,63.0,-10.5,80,0
619.0,153.0,47.0,-10.5,75,1
608.0,142.0,58.0,-10.5,70,1
597.0,131.0,69.0,-10.5,65,0
580.0,114.0,86.0,-10.5,60,0
560.0,94.0,106.0,-10.5,55,0
540.0,74.0,126.0,-10.5,50,0
523.0,57.0,143.0,-10.5,45,0
512.0,46.0,154.0,-10.5,40,0
512.0,46.0,154.0,-10.5,35,0
524.0,58.0,142.0,-10.5,30,0
540.0,74.0,126.0,-10.5,25,0
556.0,90.0,110.0,-10.5,20,0
572.0,106.0,94.0,-10.5,15,0
588.0,122.0,78.0,-10.5,10,0
604.0,138.0,62.0,-10.5,5,1
593.0,127.0,73.0,-10.5,0,0
576.0,110.0,90.0,-10.5,-5,0
556.0,90.0,110.0,-10.5,-10,0
536.0,70.0,130.0,-10.5,-15,0
519.0,53.0,147.0,-10.5,-20,0
508.0,42.0,158.0,-10.5,-25,0
508.0,42.0,158.0,-10.5,-30,0
520.0,54.0,146.0,-10.5,-35,0
536.0,70.0,130.0,-10.5,-40,0
552.0,86.0,114.0,-10.5,-45,0
568.0,102.0,98.0,-10.5,-50,0
584.0,246.0,46.0,-10.5,320,1
573.0,235.0,35.0,-10.5,315,1
562.0,224.0,24.0,-10.5,310,1
551.0,213.0,13.0,-10.5,305,1
540.0,202.0,2.0,-10.5,300,1
529.0,191.0,9.0,-10.5,295,1
518.0,180.0,20.0,-10.5,290,1
507.0,169.0,31.0,-10.5,285,1
496.0,158.0,42.0,-10.5,280,1
485.0,147.0,53.0,-10.5,275,1
474.0,136.0,64.0,-10.5,270,1
463.0,125.0,75.0,-10.5,265,0
446.0,108.0,92.0,-10.5,260,0
426.0,88.0,112.0,-10.5,255,0
406.0,68.0,132.0,-10.5,250,0
389.0,51.0,149.0,-10.5,245,0
378.0,40.0,160.0,-10.5,240,0
378.0,40.0,160.0,-10.5,235,0
390.0,52.0,148.0,-10.5,230,0
406.0,68.0,132.0,-10.5,225,0
422.0,84.0,116.0,-10.5,220,0
438.0,100.0,100.0,-10.5,215,0
454.0,116.0,84.0,-10.5,210,0
470.0,132.0,68.0,-10.5,205,1
459.0,121.0,79.0,-10.5,200,0
442.0,104.0,96.0,-10.5,195,0
422.0,84.0,116.0,-10.5,190,0
402.0,64.0,136.0,-10.5,185,0
385.0,47.0,153.0,-10.5,180,0
374.0,36.0,164.0,-10.5,175,0
374.0,36.0,164.0,-10.5,170,0
386.0,48.0,152.0,-10.5,165,0
402.0,64.0,136.0,-10.5,160,0
418.0,80.0,120.0,-10.5,155,0
434.0,96.0,104.0,-10.5,150,0
450.0,112.0,88.0,-10.5,145,0
466.0,128.0,72.0,-10.5,140,1
455.0,117.0,83.0,-10.5,135,0
438.0,100.0,100.0,-10.5,130,0
418.0,80.0,120.0,-10.5,125,0
398.0,60.0,140.0,-10.5,120,0
381.0,43.0,157.0,-10.5,115,0
370.0,32.0,168.0,-10.5,110,0
370.0,32.0,168.0,-10.5,105,0
382.0,44.0,156.0,-10.5,100,0
398.0,60.0,140.0,-10.5,95,0
414.0,76.0,124.0,-10.5,90,0
430.0,92.0,108.0,-10.5,85,0
446.0,108.0,92.0,-10.5,80,0
462.0,124.0,76.0,-10.5,75,0
478.0,140.0,60.0,-10.5,70,1
467.0,129.0,71.0,-10.5,65,1
456.0,118.0,82.0,-10.5,60,0
439.0,101.0,99.0,-10.5,55,0
419.0,81.0,119.0,-10.5,50,0
399.0,61.0,139.0,-10.5,45,0
382.0,44.0,156.0,-10.5,40,0
371.0,33.0,167.0,-10.5,35,0
371.0,33.0,167.0,-10.5,30,0
383.0,45.0,155.0,-10.5,25,0
399.0,61.0,139.0,-10.5,20,0
415.0,77.0,123.0,-10.5,15,0
431.0,93.0,107.0,-10.5,10,0
447.0,109.0,91.0,-10.5,5,0
463.0,125.0,75.0,-10.5,0,0
479.0,141.0,59.0,-10.5,-5,1
468.0,130.0,70.0,-10.5,-10,1
457.0,119.0,81.0,-10.5,-15,0
440.0,102.0,98.0,-10.5,-20,0
420.0,82.0,118.0,-10.5,-25,0
400.0,62.0,138.0,-10.5,-30,0
383.0,45.0,155.0,-10.5,-35,0
372.0,34.0,166.0,-10.5,-40,0
372.0,34.0,166.0,-10.5,-45,0
384.0,46.0,154.0,-10.5,-50,0
400.0,81.0,281.0,-10.5,320,0
416.0,65.0,265.0,-10.5,315,0
432.0,49.0,249.0,-10.5,310,0
448.0,33.0,233.0,-10.5,305,0
464.0,17.0,217.0,-10.5,300,0
480.0,1.0,201.0,-10.5,295,0
496.0,15.0,185.0,-10.5,290,0
512.0,31.0,169.0,-10.5,285,0
528.0,47.0,153.0,-10.5,280,0
544.0,63.0,137.0,-10.5,275,0
560.0,79.0,121.0,-10.5,270,0
576.0,95.0,105.0,-10.5,265,0
592.0,111.0,89.0,-10.5,260,0
608.0,127.0,73.0,-10.5,255,0
624.0,143.0,57.0,-10.5,250,1
613.0,132.0,68.0,-10.5,245,0
596.0,115.0,85.0,-10.5,240,0
576.0,95.0,105.0,-10.5,235,0
556.0,75.0,125.0,-10.5,230,0
539.0,58.0,142.0,-10.5,225,0
528.0,47.0,153.0,-10.5,220,0
528.0,47.0,153.0,-10.5,215,0
540.0,59.0,141.0,-10.5,210,0
556.0,75.0,125.0,-10.5,205,0
572.0,91.0,109.0,-10.5,200,0
588.0,107.0,93.0,-10.5,195,0
604.0,123.0,77.0,-10.5,190,0
620.0,139.0,61.0,-10.5,185,1
609.0,128.0,72.0,-10.5,180,0
592.0,111.0,89.0,-10.5,175,0
572.0,91.0,109.0,-10.5,170,0
552.0,71.0,129.0,-10.5,165,0
535.0,54.0,146.0,-10.5,160,0
524.0,43.0,157.0,-10.5,155,0
524.0,43.0,157.0,-10.5,150,0
536.0,55.0,145.0,-10.5,145,0
552.0,71.0,129.0,-10.5,140,0
568.0,87.0,113.0,-10.5,135,0
584.0,103.0,97.0,-10.5,130,0
600.0,119.0,81.0,-10.5,125,0
616.0,135.0,65.0,-10.5,120,0
632.0,151.0,49.0,-10.5,115,1
621.0,140.0,60.0,-10.5,110,1
610.0,129.0,71.0,-10.5,105,0
593.0,112.0,88.0,-10.5,100,0
573.0,92.0,108.0,-10.5,95,0
553.0,72.0,128.0,-10.5,90,0
536.0,55.0,145.0,-10.5,85,0
525.0,44.0,156.0,-10.5,80,0
525.0,44.0,156.0,-10.5,75,0
537.0,56.0,144.0,-10.5,70,0
553.0,72.0,128.0,-10.5,65,0
569.0,88.0,112.0,-10.5,60,0
585.0,104.0,96.0,-10.5,55,0
601.0,120.0,80.0,-10.5,50,0
617.0,136.0,64.0,-10.5,45,0
633.0,152.0,48.0,-10.5,40,1
622.0,141.0,59.0,-10.5,35,1
611.0,130.0,70.0,-10.5,30,0
594.0,113.0,87.0,-10.5,25,0
574.0,93.0,107.0,-10.5,20,0
554.0,73.0,127.0,-10.5,15,0
537.0,56.0,144.0,-10.5,10,0
526.0,45.0,155.0,-10.5,5,0
526.0,45.0,155.0,-10.5,0,0
538.0,57.0,143.0,-10.5,-5,0
554.0,73.0,127.0,-10.5,-10,0
570.0,89.0,111.0,-10.5,-15,0
586.0,105.0,95.0,-10.5,-20,0
602.0,121.0,79.0,-10.5,-25,0
618.0,137.0,63.0,-10.5,-30,0
634.0,153.0,47.0,-10.5,-35,1
623.0,142.0,58.0,-10.5,-40,1
612.0,131.0,69.0,-10.5,-45,0
595.0,114.0,86.0,-10.5,-50,0
575.0,96.0,104.0,-10.5,320,0
555.0,76.0,124.0,-10.5,315,0
538.0,59.0,141.0,-10.5,310,0
527.0,48.0,152.0,-10.5,305,0
527.0,48.0,152.0,-10.5,300,0
539.0,60.0,140.0,-10.5,295,0
555.0,76.0,124.0,-10.5,290,0
571.0,92.0,108.0,-10.5,285,0
587.0,108.0,92.0,-10.5,280,0
603.0,124.0,76.0,-10.5,275,0
619.0,140.0,60.0,-10.5,270,1
608.0,129.0,71.0,-10.5,265,0
591.0,112.0,88.0,-10.5,260,0
571.0,92.0,108.0,-10.5,255,0
551.0,72.0,128.0,-10.5,250,0
534.0,55.0,145.0,-10.5,245,0
523.0,44.0,156.0,-10.5,240,0
523.0,44.0,156.0,-10.5,235,0
535.0,56.0,144.0,-10.5,230,0
551.0,72.0,128.0,-10.5,225,0
567.0,88.0,112.0,-10.5,220,0
583.0,104.0,96.0,-10.5,215,0
599.0,120.0,80.0,-10.5,210,0
615.0,136.0,64.0,-10.5,205,0
631.0,152.0,48.0,-10.5,200,1
620.0,141.0,59.0,-10.5,195,1
609.0,130.0,70.0,-10.5,190,0
592.0,113.0,87.0,-10.5,185,0
572.0,93.0,107.0,-10.5,180,0
552.0,73.0,127.0,-10.5,175,0
535.0,56.0,144.0,-10.5,170,0
524.0,45.0,155.0,-10.5,165,0
524.0,45.0,155.0,-10.5,160,0
536.0,57.0,143.0,-10.5,155,0
552.0,73.0,127.0,-10.5,150,0
568.0,89.0,111.0,-10.5,145,0
584.0,105.0,95.0,-10.5,140,0
600.0,121.0,79.0,-10.5,135,0
616.0,137.0,63.0,-10.5,130,0
632.0,153.0,47.0,-10.5,125,1
621.0,142.0,58.0,-10.5,120,1
610.0,131.0,69.0,-10.5,115,0
593.0,114.0,86.0,-10.5,110,0
573.0,94.0,106.0,-10.5,105,0
553.0,74.0,126.0,-10.5,100,0
536.0,57.0,143.0,-10.5,95,0
525.0,46.0,154.0,-10.5,90,0
525.0,46.0,154.0,-10.5,85,0
537.0,58.0,142.0,-10.5,80,0
553.0,74.0,126.0,-10.5,75,0
569.0,90.0,110.0,-10.5,70,0
585.0,106.0,94.0,-10.5,65,0
601.0,122.0,78.0,-10.5,60,0
617.0,138.0,62.0,-10.5,55,0
633.0,154.0,46.0,-10.5,50,1
622.0,143.0,57.0,-10.5,45,1
611.0,132.0,68.0,-10.5,40,0
594.0,115.0,85.0,-10.5,35,0
574.0,95.0,105.0,-10.5,30,0
554.0,75.0,125.0,-10.5,25,0
537.0,58.0,142.0,-10.5,20,0
526.0,47.0,153.0,-10.5,15,0
526.0,47.0,153.0,-10.5,10,0
538.0,59.0,141.0,-10.5,5,0
554.0,75.0,125.0,-10.5,0,0
570.0,91.0,109.0,-10.5,-5,0
586.0,107.0,93.0,-10.5,-10,0
602.0,123.0,77.0,-10.5,-15,0
618.0,139.0,61.0,-10.5,-20,1
607.0,128.0,72.0,-10.5,-25,0
590.0,111.0,89.0,-10.5,-30,0
570.0,91.0,109.0,-10.5,-35,0
550.0,71.0,129.0,-10.5,-40,0
533.0,54.0,146.0,-10.5,-45,0
522.0,43.0,157.0,-10.5,-50,0
522.0,343.0,143.0,-10.5,320,1
511.0,332.0,132.0,-10.5,315,1
500.0,321.0,121.0,-10.5,310,1
489.0,310.0,110.0,-10.5,305,1
478.0,299.0,99.0,-10.5,300,1
467.0,288.0,88.0,-10.5,295,1
456.0,277.0,77.0,-10.5,290,1
445.0,266.0,66.0,-10.5,285,1
434.0,255.0,55.0,-10.5,280,1
423.0,244.0,44.0,-10.5,275,1
412.0,233.0,33.0,-10.5,270,1
401.0,222.0,22.0,-10.5,265,1
390.0,211.0,11.0,-10.5,260,1
379.0,200.0,0.0,-10.5,255,1
368.0,189.0,11.0,-10.5,250,1
357.0,178.0,22.0,-10.5,245,1
346.0,167.0,33.0,-10.5,240,1
335.0,156.0,44.0,-10.5,235,1
324.0,145.0,55.0,-10.5,230,1
313.0,134.0,66.0,-10.5,225,1
302.0,123.0,77.0,-10.5,220,1
291.0,112.0,88.0,-10.5,215,1
280.0,101.0,99.0,-10.5,210,0
263.0,84.0,116.0,-10.5,205,0
243.0,64.0,136.0,-10.5,200,0
223.0,44.0,156.0,-10.5,195,0

206.0,27.0,173.0,-10.5,190,0
195.0,16.0,184.0,-10.5,185,0
195.0,16.0,184.0,-10.5,180,0
207.0,28.0,172.0,-10.5,175,0
223.0,44.0,156.0,-10.5,170,0
239.0,60.0,140.0,-10.5,165,0
255.0,76.0,124.0,-10.5,160,0
271.0,92.0,108.0,-10.5,155,0
287.0,108.0,92.0,-10.5,150,0
303.0,124.0,76.0,-10.5,145,1
292.0,113.0,87.0,-10.5,140,1
281.0,102.0,98.0,-10.5,135,0
264.0,85.0,115.0,-10.5,130,0
244.0,65.0,135.0,-10.5,125,0
